source_id,source_name,source_type,iso3_country,sector,subsector,start_time,end_time,lat,lon,geometry_ref,gas,emissions_quantity,temporal_granularity,emissions_factor,emissions_factor_units,capacity_factor,other1,other1_def,other2,other2_def,other3,other3_def,other4,other4_def,other5,other5_def,other6,other6_def,other7,other7_def,other8,other8_def,other9,other9_def,other10,other10_def,created_date,modified_date
3144041,NNPC Kaduna Refinery,Medium Conversion,NGA,fossil-fuel-operations,oil-and-gas-refining,2015-01-01 00:00:00,2015-12-31 00:00:00,10.41159,7.49065,trace_7.49065_10.41159,ch4,2.96505758,annual,0.001507201,T of CH4 per barrel refined,0.048997773,,co-located petrochemical facility id,48.85667016,acidification,7.188382374,particulate matter formation,6.24139e-06,human health cancer,0.000326669,human health non-cancer,1505.341788,ecotoxicity,,,,,,,,,2023-09-07 00:00:00,
3144041,NNPC Kaduna Refinery,Medium Conversion,NGA,fossil-fuel-operations,oil-and-gas-refining,2015-01-01 00:00:00,2015-12-31 00:00:00,10.41159,7.49065,trace_7.49065_10.41159,co2,61741.52968,annual,31.38452035,T of CO2 per barrel refined,0.048997773,,co-located petrochemical facility id,48.85667016,acidification,7.188382374,particulate matter formation,6.24139e-06,human health cancer,0.000326669,human health non-cancer,1505.341788,ecotoxicity,,,,,,,,,2023-09-07 00:00:00,
3144041,NNPC Kaduna Refinery,Medium Conversion,NGA,fossil-fuel-operations,oil-and-gas-refining,2015-01-01 00:00:00,2015-12-31 00:00:00,10.41159,7.49065,trace_7.49065_10.41159,co2e_100yr,62398.44917,annual,0.000291591,,0.048997773,,co-located petrochemical facility id,48.85667016,acidification,7.188382374,particulate matter formation,6.24139e-06,human health cancer,0.000326669,human health non-cancer,1505.341788,ecotoxicity,,,,,,,,,2023-09-07 00:00:00,
3144041,NNPC Kaduna Refinery,Medium Conversion,NGA,fossil-fuel-operations,oil-and-gas-refining,2015-01-01 00:00:00,2015-12-31 00:00:00,10.41159,7.49065,trace_7.49065_10.41159,co2e_20yr,62398.99914,annual,0.000291591,,0.048997773,,co-located petrochemical facility id,48.85667016,acidification,7.188382374,particulate matter formation,6.24139e-06,human health cancer,0.000326669,human health non-cancer,1505.341788,ecotoxicity,,,,,,,,,2023-09-07 00:00:00,
3144041,NNPC Kaduna Refinery,Medium Conversion,NGA,fossil-fuel-operations,oil-and-gas-refining,2015-01-01 00:00:00,2015-12-31 00:00:00,10.41159,7.49065,trace_7.49065_10.41159,n2o,0.573635534,annual,0.000291591,T of N2O per barrel refined,0.048997773,,co-located petrochemical facility id,48.85667016,acidification,7.188382374,particulate matter formation,6.24139e-06,human health cancer,0.000326669,human health non-cancer,1505.341788,ecotoxicity,,,,,,,,,2023-09-07 00:00:00,
3144041,NNPC Kaduna Refinery,Medium Conversion,NGA,fossil-fuel-operations,oil-and-gas-refining,2016-01-01 00:00:00,2016-12-31 00:00:00,10.41159,7.49065,trace_7.49065_10.41159,ch4,8.356071361,annual,0.001507201,T of CH4 per barrel refined,0.138084633,,co-located petrochemical facility id,137.6869795,acidification,20.25816851,particulate matter formation,1.75894e-05,human health cancer,0.000920612,human health non-cancer,4242.326858,ecotoxicity,,,,,,,,,2023-09-07 00:00:00,
3144041,NNPC Kaduna Refinery,Medium Conversion,NGA,fossil-fuel-operations,oil-and-gas-refining,2016-01-01 00:00:00,2016-12-31 00:00:00,10.41159,7.49065,trace_7.49065_10.41159,co2,173998.8564,annual,31.38452035,T of CO2 per barrel refined,0.138084633,,co-located petrochemical facility id,137.6869795,acidification,20.25816851,particulate matter formation,1.75894e-05,human health cancer,0.000920612,human health non-cancer,4242.326858,ecotoxicity,,,,,,,,,2023-09-07 00:00:00,
3144041,NNPC Kaduna Refinery,Medium Conversion,NGA,fossil-fuel-operations,oil-and-gas-refining,2016-01-01 00:00:00,2016-12-31 00:00:00,10.41159,7.49065,trace_7.49065_10.41159,co2e_100yr,175850.1749,annual,0.000291591,,0.138084633,,co-located petrochemical facility id,137.6869795,acidification,20.25816851,particulate matter formation,1.75894e-05,human health cancer,0.000920612,human health non-cancer,4242.326858,ecotoxicity,,,,,,,,,2023-09-07 00:00:00,
3144041,NNPC Kaduna Refinery,Medium Conversion,NGA,fossil-fuel-operations,oil-and-gas-refining,2016-01-01 00:00:00,2016-12-31 00:00:00,10.41159,7.49065,trace_7.49065_10.41159,co2e_20yr,175851.7248,annual,0.000291591,,0.138084633,,co-located petrochemical facility id,137.6869795,acidification,20.25816851,particulate matter formation,1.75894e-05,human health cancer,0.000920612,human health non-cancer,4242.326858,ecotoxicity,,,,,,,,,2023-09-07 00:00:00,
3144041,NNPC Kaduna Refinery,Medium Conversion,NGA,fossil-fuel-operations,oil-and-gas-refining,2016-01-01 00:00:00,2016-12-31 00:00:00,10.41159,7.49065,trace_7.49065_10.41159,n2o,1.616609232,annual,0.000291591,T of N2O per barrel refined,0.138084633,,co-located petrochemical facility id,137.6869795,acidification,20.25816851,particulate matter formation,1.75894e-05,human health cancer,0.000920612,human health non-cancer,4242.326858,ecotoxicity,,,,,,,,,2023-09-07 00:00:00,
3144041,NNPC Kaduna Refinery,Medium Conversion,NGA,fossil-fuel-operations,oil-and-gas-refining,2017-01-01 00:00:00,2017-12-31 00:00:00,10.41159,7.49065,trace_7.49065_10.41159,ch4,10.91680291,annual,0.001507201,T of CH4 per barrel refined,0.180400891,,co-located petrochemical facility id,179.8813765,acidification,26.46631692,particulate matter formation,2.29797e-05,human health cancer,0.001202735,human health non-cancer,5542.394767,ecotoxicity,,,,,,,,,2023-09-07 00:00:00,
3144041,NNPC Kaduna Refinery,Medium Conversion,NGA,fossil-fuel-operations,oil-and-gas-refining,2017-01-01 00:00:00,2017-12-31 00:00:00,10.41159,7.49065,trace_7.49065_10.41159,co2,227321.0865,annual,31.38452035,T of CO2 per barrel refined,0.180400891,,co-located petrochemical facility id,179.8813765,acidification,26.46631692,particulate matter formation,2.29797e-05,human health cancer,0.001202735,human health non-cancer,5542.394767,ecotoxicity,,,,,,,,,2023-09-07 00:00:00,
3144041,NNPC Kaduna Refinery,Medium Conversion,NGA,fossil-fuel-operations,oil-and-gas-refining,2017-01-01 00:00:00,2017-12-31 00:00:00,10.41159,7.49065,trace_7.49065_10.41159,co2e_100yr,229739.7447,annual,0.000291591,,0.180400891,,co-located petrochemical facility id,179.8813765,acidification,26.46631692,particulate matter formation,2.29797e-05,human health cancer,0.001202735,human health non-cancer,5542.394767,ecotoxicity,,,,,,,,,2023-09-07 00:00:00,
3144041,NNPC Kaduna Refinery,Medium Conversion,NGA,fossil-fuel-operations,oil-and-gas-refining,2017-01-01 00:00:00,2017-12-31 00:00:00,10.41159,7.49065,trace_7.49065_10.41159,co2e_20yr,229741.7696,annual,0.000291591,,0.180400891,,co-located petrochemical facility id,179.8813765,acidification,26.46631692,particulate matter formation,2.29797e-05,human health cancer,0.001202735,human health non-cancer,5542.394767,ecotoxicity,,,,,,,,,2023-09-07 00:00:00,
3144041,NNPC Kaduna Refinery,Medium Conversion,NGA,fossil-fuel-operations,oil-and-gas-refining,2017-01-01 00:00:00,2017-12-31 00:00:00,10.41159,7.49065,trace_7.49065_10.41159,n2o,2.112021738,annual,0.000291591,T of N2O per barrel refined,0.180400891,,co-located petrochemical facility id,179.8813765,acidification,26.46631692,particulate matter formation,2.29797e-05,human health cancer,0.001202735,human health non-cancer,5542.394767,ecotoxicity,,,,,,,,,2023-09-07 00:00:00,
3144041,NNPC Kaduna Refinery,Medium Conversion,NGA,fossil-fuel-operations,oil-and-gas-refining,2018-01-01 00:00:00,2018-12-31 00:00:00,10.41159,7.49065,trace_7.49065_10.41159,ch4,4.66518621,annual,0.001507201,T of CH4 per barrel refined,0.077092511,,co-located petrochemical facility id,76.87050176,acidification,11.31011504,particulate matter formation,9.82013e-06,human health cancer,0.000513977,human health non-cancer,2368.486805,ecotoxicity,,,,,,,,,2023-09-07 00:00:00,
3144041,NNPC Kaduna Refinery,Medium Conversion,NGA,fossil-fuel-operations,oil-and-gas-refining,2018-01-01 00:00:00,2018-12-31 00:00:00,10.41159,7.49065,trace_7.49065_10.41159,co2,97143.38595,annual,31.38452035,T of CO2 per barrel refined,0.077092511,,co-located petrochemical facility id,76.87050176,acidification,11.31011504,particulate matter formation,9.82013e-06,human health cancer,0.000513977,human health non-cancer,2368.486805,ecotoxicity,,,,,,,,,2023-09-07 00:00:00,
3144041,NNPC Kaduna Refinery,Medium Conversion,NGA,fossil-fuel-operations,oil-and-gas-refining,2018-01-01 00:00:00,2018-12-31 00:00:00,10.41159,7.49065,trace_7.49065_10.41159,co2e_100yr,98176.97524,annual,0.000291591,,0.077092511,,co-located petrochemical facility id,76.87050176,acidification,11.31011504,particulate matter formation,9.82013e-06,human health cancer,0.000513977,human health non-cancer,2368.486805,ecotoxicity,,,,,,,,,2023-09-07 00:00:00,
3144041,NNPC Kaduna Refinery,Medium Conversion,NGA,fossil-fuel-operations,oil-and-gas-refining,2018-01-01 00:00:00,2018-12-31 00:00:00,10.41159,7.49065,trace_7.49065_10.41159,co2e_20yr,98177.84055,annual,0.000291591,,0.077092511,,co-located petrochemical facility id,76.87050176,acidification,11.31011504,particulate matter formation,9.82013e-06,human health cancer,0.000513977,human health non-cancer,2368.486805,ecotoxicity,,,,,,,,,2023-09-07 00:00:00,
3144041,NNPC Kaduna Refinery,Medium Conversion,NGA,fossil-fuel-operations,oil-and-gas-refining,2018-01-01 00:00:00,2018-12-31 00:00:00,10.41159,7.49065,trace_7.49065_10.41159,n2o,0.902551303,annual,0.000291591,T of N2O per barrel refined,0.077092511,,co-located petrochemical facility id,76.87050176,acidification,11.31011504,particulate matter formation,9.82013e-06,human health cancer,0.000513977,human health non-cancer,2368.486805,ecotoxicity,,,,,,,,,2023-09-07 00:00:00,
3144041,NNPC Kaduna Refinery,Medium Conversion,NGA,fossil-fuel-operations,oil-and-gas-refining,2019-01-01 00:00:00,2019-12-31 00:00:00,10.41159,7.49065,trace_7.49065_10.41159,ch4,0.920867191,annual,0.001507201,T of CH4 per barrel refined,0.015217391,,co-located petrochemical facility id,15.17356861,acidification,2.23251836,particulate matter formation,1.93841e-06,human health cancer,0.000101455,human health non-cancer,467.5186997,ecotoxicity,,,,,,,,,2023-09-07 00:00:00,
3144041,NNPC Kaduna Refinery,Medium Conversion,NGA,fossil-fuel-operations,oil-and-gas-refining,2019-01-01 00:00:00,2019-12-31 00:00:00,10.41159,7.49065,trace_7.49065_10.41159,co2,19175.25966,annual,31.38452035,T of CO2 per barrel refined,0.015217391,,co-located petrochemical facility id,15.17356861,acidification,2.23251836,particulate matter formation,1.93841e-06,human health cancer,0.000101455,human health non-cancer,467.5186997,ecotoxicity,,,,,,,,,2023-09-07 00:00:00,
3144041,NNPC Kaduna Refinery,Medium Conversion,NGA,fossil-fuel-operations,oil-and-gas-refining,2019-01-01 00:00:00,2019-12-31 00:00:00,10.41159,7.49065,trace_7.49065_10.41159,co2e_100yr,19379.2812,annual,0.000291591,,0.015217391,,co-located petrochemical facility id,15.17356861,acidification,2.23251836,particulate matter formation,1.93841e-06,human health cancer,0.000101455,human health non-cancer,467.5186997,ecotoxicity,,,,,,,,,2023-09-07 00:00:00,
3144041,NNPC Kaduna Refinery,Medium Conversion,NGA,fossil-fuel-operations,oil-and-gas-refining,2019-01-01 00:00:00,2019-12-31 00:00:00,10.41159,7.49065,trace_7.49065_10.41159,co2e_20yr,19379.45201,annual,0.000291591,,0.015217391,,co-located petrochemical facility id,15.17356861,acidification,2.23251836,particulate matter formation,1.93841e-06,human health cancer,0.000101455,human health non-cancer,467.5186997,ecotoxicity,,,,,,,,,2023-09-07 00:00:00,
3144041,NNPC Kaduna Refinery,Medium Conversion,NGA,fossil-fuel-operations,oil-and-gas-refining,2019-01-01 00:00:00,2019-12-31 00:00:00,10.41159,7.49065,trace_7.49065_10.41159,n2o,0.178155779,annual,0.000291591,T of N2O per barrel refined,0.015217391,,co-located petrochemical facility id,15.17356861,acidification,2.23251836,particulate matter formation,1.93841e-06,human health cancer,0.000101455,human health non-cancer,467.5186997,ecotoxicity,,,,,,,,,2023-09-07 00:00:00,
3144041,NNPC Kaduna Refinery,Medium Conversion,NGA,fossil-fuel-operations,oil-and-gas-refining,2020-01-01 00:00:00,2020-12-31 00:00:00,10.41159,7.49065,trace_7.49065_10.41159,ch4,0.0,annual,0.001507201,T of CH4 per barrel refined,0.0,,co-located petrochemical facility id,0.0,acidification,0.0,particulate matter formation,0.0,human health cancer,0.0,human health non-cancer,0.0,ecotoxicity,,,,,,,,,2023-09-07 00:00:00,
3144041,NNPC Kaduna Refinery,Medium Conversion,NGA,fossil-fuel-operations,oil-and-gas-refining,2020-01-01 00:00:00,2020-12-31 00:00:00,10.41159,7.49065,trace_7.49065_10.41159,co2,0.0,annual,31.38452035,T of CO2 per barrel refined,0.0,,co-located petrochemical facility id,0.0,acidification,0.0,particulate matter formation,0.0,human health cancer,0.0,human health non-cancer,0.0,ecotoxicity,,,,,,,,,2023-09-07 00:00:00,
3144041,NNPC Kaduna Refinery,Medium Conversion,NGA,fossil-fuel-operations,oil-and-gas-refining,2020-01-01 00:00:00,2020-12-31 00:00:00,10.41159,7.49065,trace_7.49065_10.41159,co2e_100yr,0.0,annual,0.000291591,,0.0,,co-located petrochemical facility id,0.0,acidification,0.0,particulate matter formation,0.0,human health cancer,0.0,human health non-cancer,0.0,ecotoxicity,,,,,,,,,2023-09-07 00:00:00,
3144041,NNPC Kaduna Refinery,Medium Conversion,NGA,fossil-fuel-operations,oil-and-gas-refining,2020-01-01 00:00:00,2020-12-31 00:00:00,10.41159,7.49065,trace_7.49065_10.41159,co2e_20yr,0.0,annual,0.000291591,,0.0,,co-located petrochemical facility id,0.0,acidification,0.0,particulate matter formation,0.0,human health cancer,0.0,human health non-cancer,0.0,ecotoxicity,,,,,,,,,2023-09-07 00:00:00,
3144041,NNPC Kaduna Refinery,Medium Conversion,NGA,fossil-fuel-operations,oil-and-gas-refining,2020-01-01 00:00:00,2020-12-31 00:00:00,10.41159,7.49065,trace_7.49065_10.41159,n2o,0.0,annual,0.000291591,T of N2O per barrel refined,0.0,,co-located petrochemical facility id,0.0,acidification,0.0,particulate matter formation,0.0,human health cancer,0.0,human health non-cancer,0.0,ecotoxicity,,,,,,,,,2023-09-07 00:00:00,
3144041,NNPC Kaduna Refinery,Medium Conversion,NGA,fossil-fuel-operations,oil-and-gas-refining,2021-01-01 00:00:00,2021-12-31 00:00:00,10.41159,7.49065,trace_7.49065_10.41159,ch4,0.382194503,annual,0.001507201,T of CH4 per barrel refined,0.006315789,,co-located petrochemical facility id,6.297601407,acidification,0.926579049,particulate matter formation,8.04513e-07,human health cancer,4.21075e-05,human health non-cancer,194.0378363,ecotoxicity,,,,,,,,,2023-09-07 00:00:00,
3144041,NNPC Kaduna Refinery,Medium Conversion,NGA,fossil-fuel-operations,oil-and-gas-refining,2021-01-01 00:00:00,2021-12-31 00:00:00,10.41159,7.49065,trace_7.49065_10.41159,co2,7958.453634,annual,31.38452035,T of CO2 per barrel refined,0.006315789,,co-located petrochemical facility id,6.297601407,acidification,0.926579049,particulate matter formation,8.04513e-07,human health cancer,4.21075e-05,human health non-cancer,194.0378363,ecotoxicity,,,,,,,,,2023-09-07 00:00:00,
3144041,NNPC Kaduna Refinery,Medium Conversion,NGA,fossil-fuel-operations,oil-and-gas-refining,2021-01-01 00:00:00,2021-12-31 00:00:00,10.41159,7.49065,trace_7.49065_10.41159,co2e_100yr,8043.130242,annual,0.000291591,,0.006315789,,co-located petrochemical facility id,6.297601407,acidification,0.926579049,particulate matter formation,8.04513e-07,human health cancer,4.21075e-05,human health non-cancer,194.0378363,ecotoxicity,,,,,,,,,2023-09-07 00:00:00,
3144041,NNPC Kaduna Refinery,Medium Conversion,NGA,fossil-fuel-operations,oil-and-gas-refining,2021-01-01 00:00:00,2021-12-31 00:00:00,10.41159,7.49065,trace_7.49065_10.41159,co2e_20yr,8043.201133,annual,0.000291591,,0.006315789,,co-located petrochemical facility id,6.297601407,acidification,0.926579049,particulate matter formation,8.04513e-07,human health cancer,4.21075e-05,human health non-cancer,194.0378363,ecotoxicity,,,,,,,,,2023-09-07 00:00:00,
3144041,NNPC Kaduna Refinery,Medium Conversion,NGA,fossil-fuel-operations,oil-and-gas-refining,2021-01-01 00:00:00,2021-12-31 00:00:00,10.41159,7.49065,trace_7.49065_10.41159,n2o,0.073941346,annual,0.000291591,T of N2O per barrel refined,0.006315789,,co-located petrochemical facility id,6.297601407,acidification,0.926579049,particulate matter formation,8.04513e-07,human health cancer,4.21075e-05,human health non-cancer,194.0378363,ecotoxicity,,,,,,,,,2023-09-07 00:00:00,
3144041,NNPC Kaduna Refinery,Medium Conversion,NGA,fossil-fuel-operations,oil-and-gas-refining,2022-01-01 00:00:00,2022-12-31 00:00:00,10.41159,7.49065,trace_7.49065_10.41159,ch4,0.764389007,annual,0.001507201,T of CH4 per barrel refined,0.012631579,,co-located petrochemical facility id,12.59520281,acidification,1.853158097,particulate matter formation,1.60903e-06,human health cancer,8.42149e-05,human health non-cancer,388.0756725,ecotoxicity,,,,,,,,,2023-09-07 00:00:00,
3144041,NNPC Kaduna Refinery,Medium Conversion,NGA,fossil-fuel-operations,oil-and-gas-refining,2022-01-01 00:00:00,2022-12-31 00:00:00,10.41159,7.49065,trace_7.49065_10.41159,co2,15916.90727,annual,31.38452035,T of CO2 per barrel refined,0.012631579,,co-located petrochemical facility id,12.59520281,acidification,1.853158097,particulate matter formation,1.60903e-06,human health cancer,8.42149e-05,human health non-cancer,388.0756725,ecotoxicity,,,,,,,,,2023-09-07 00:00:00,
3144041,NNPC Kaduna Refinery,Medium Conversion,NGA,fossil-fuel-operations,oil-and-gas-refining,2022-01-01 00:00:00,2022-12-31 00:00:00,10.41159,7.49065,trace_7.49065_10.41159,co2e_100yr,16086.26048,annual,0.000291591,,0.012631579,,co-located petrochemical facility id,12.59520281,acidification,1.853158097,particulate matter formation,1.60903e-06,human health cancer,8.42149e-05,human health non-cancer,388.0756725,ecotoxicity,,,,,,,,,2023-09-07 00:00:00,
3144041,NNPC Kaduna Refinery,Medium Conversion,NGA,fossil-fuel-operations,oil-and-gas-refining,2022-01-01 00:00:00,2022-12-31 00:00:00,10.41159,7.49065,trace_7.49065_10.41159,co2e_20yr,16086.40227,annual,0.000291591,,0.012631579,,co-located petrochemical facility id,12.59520281,acidification,1.853158097,particulate matter formation,1.60903e-06,human health cancer,8.42149e-05,human health non-cancer,388.0756725,ecotoxicity,,,,,,,,,2023-09-07 00:00:00,
3144041,NNPC Kaduna Refinery,Medium Conversion,NGA,fossil-fuel-operations,oil-and-gas-refining,2022-01-01 00:00:00,2022-12-31 00:00:00,10.41159,7.49065,trace_7.49065_10.41159,n2o,0.147882692,annual,0.000291591,T of N2O per barrel refined,0.012631579,,co-located petrochemical facility id,12.59520281,acidification,1.853158097,particulate matter formation,1.60903e-06,human health cancer,8.42149e-05,human health non-cancer,388.0756725,ecotoxicity,,,,,,,,,2023-09-07 00:00:00,
3144040,NNPC Warri Refinery,Medium Conversion,NGA,fossil-fuel-operations,oil-and-gas-refining,2015-01-01 00:00:00,2015-12-31 00:00:00,5.5679,5.71685,trace_5.71685_5.5679,ch4,3.369383613,annual,0.001507201,T of CH4 per barrel refined,0.048997773,,co-located petrochemical facility id,55.51894336,acidification,8.168616334,particulate matter formation,7.09249e-06,human health cancer,0.000371215,human health non-cancer,1710.615669,ecotoxicity,,,,,,,,,2023-09-07 00:00:00,
3144040,NNPC Warri Refinery,Medium Conversion,NGA,fossil-fuel-operations,oil-and-gas-refining,2015-01-01 00:00:00,2015-12-31 00:00:00,5.5679,5.71685,trace_5.71685_5.5679,co2,70160.82918,annual,31.38452035,T of CO2 per barrel refined,0.048997773,,co-located petrochemical facility id,55.51894336,acidification,8.168616334,particulate matter formation,7.09249e-06,human health cancer,0.000371215,human health non-cancer,1710.615669,ecotoxicity,,,,,,,,,2023-09-07 00:00:00,
3144040,NNPC Warri Refinery,Medium Conversion,NGA,fossil-fuel-operations,oil-and-gas-refining,2015-01-01 00:00:00,2015-12-31 00:00:00,5.5679,5.71685,trace_5.71685_5.5679,co2e_100yr,70907.3286,annual,0.000291591,,0.048997773,,co-located petrochemical facility id,55.51894336,acidification,8.168616334,particulate matter formation,7.09249e-06,human health cancer,0.000371215,human health non-cancer,1710.615669,ecotoxicity,,,,,,,,,2023-09-07 00:00:00,
3144040,NNPC Warri Refinery,Medium Conversion,NGA,fossil-fuel-operations,oil-and-gas-refining,2015-01-01 00:00:00,2015-12-31 00:00:00,5.5679,5.71685,trace_5.71685_5.5679,co2e_20yr,70907.95357,annual,0.000291591,,0.048997773,,co-located petrochemical facility id,55.51894336,acidification,8.168616334,particulate matter formation,7.09249e-06,human health cancer,0.000371215,human health non-cancer,1710.615669,ecotoxicity,,,,,,,,,2023-09-07 00:00:00,
3144040,NNPC Warri Refinery,Medium Conversion,NGA,fossil-fuel-operations,oil-and-gas-refining,2015-01-01 00:00:00,2015-12-31 00:00:00,5.5679,5.71685,trace_5.71685_5.5679,n2o,0.651858561,annual,0.000291591,T of N2O per barrel refined,0.048997773,,co-located petrochemical facility id,55.51894336,acidification,8.168616334,particulate matter formation,7.09249e-06,human health cancer,0.000371215,human health non-cancer,1710.615669,ecotoxicity,,,,,,,,,2023-09-07 00:00:00,
3144040,NNPC Warri Refinery,Medium Conversion,NGA,fossil-fuel-operations,oil-and-gas-refining,2016-01-01 00:00:00,2016-12-31 00:00:00,5.5679,5.71685,trace_5.71685_5.5679,ch4,9.495535638,annual,0.001507201,T of CH4 per barrel refined,0.138084633,,co-located petrochemical facility id,156.4624767,acidification,23.02064603,particulate matter formation,1.99879e-05,human health cancer,0.00104615,human health non-cancer,4820.825975,ecotoxicity,,,,,,,,,2023-09-07 00:00:00,
3144040,NNPC Warri Refinery,Medium Conversion,NGA,fossil-fuel-operations,oil-and-gas-refining,2016-01-01 00:00:00,2016-12-31 00:00:00,5.5679,5.71685,trace_5.71685_5.5679,co2,197725.9731,annual,31.38452035,T of CO2 per barrel refined,0.138084633,,co-located petrochemical facility id,156.4624767,acidification,23.02064603,particulate matter formation,1.99879e-05,human health cancer,0.00104615,human health non-cancer,4820.825975,ecotoxicity,,,,,,,,,2023-09-07 00:00:00,
3144040,NNPC Warri Refinery,Medium Conversion,NGA,fossil-fuel-operations,oil-and-gas-refining,2016-01-01 00:00:00,2016-12-31 00:00:00,5.5679,5.71685,trace_5.71685_5.5679,co2e_100yr,199829.7442,annual,0.000291591,,0.138084633,,co-located petrochemical facility id,156.4624767,acidification,23.02064603,particulate matter formation,1.99879e-05,human health cancer,0.00104615,human health non-cancer,4820.825975,ecotoxicity,,,,,,,,,2023-09-07 00:00:00,
3144040,NNPC Warri Refinery,Medium Conversion,NGA,fossil-fuel-operations,oil-and-gas-refining,2016-01-01 00:00:00,2016-12-31 00:00:00,5.5679,5.71685,trace_5.71685_5.5679,co2e_20yr,199831.5055,annual,0.000291591,,0.138084633,,co-located petrochemical facility id,156.4624767,acidification,23.02064603,particulate matter formation,1.99879e-05,human health cancer,0.00104615,human health non-cancer,4820.825975,ecotoxicity,,,,,,,,,2023-09-07 00:00:00,
3144040,NNPC Warri Refinery,Medium Conversion,NGA,fossil-fuel-operations,oil-and-gas-refining,2016-01-01 00:00:00,2016-12-31 00:00:00,5.5679,5.71685,trace_5.71685_5.5679,n2o,1.837055945,annual,0.000291591,T of N2O per barrel refined,0.138084633,,co-located petrochemical facility id,156.4624767,acidification,23.02064603,particulate matter formation,1.99879e-05,human health cancer,0.00104615,human health non-cancer,4820.825975,ecotoxicity,,,,,,,,,2023-09-07 00:00:00,
3144040,NNPC Warri Refinery,Medium Conversion,NGA,fossil-fuel-operations,oil-and-gas-refining,2017-01-01 00:00:00,2017-12-31 00:00:00,5.5679,5.71685,trace_5.71685_5.5679,ch4,12.40545785,annual,0.001507201,T of CH4 per barrel refined,0.180400891,,co-located petrochemical facility id,204.4106551,acidification,30.07536014,particulate matter formation,2.61133e-05,human health cancer,0.001366744,human health non-cancer,6298.175871,ecotoxicity,,,,,,,,,2023-09-07 00:00:00,
3144040,NNPC Warri Refinery,Medium Conversion,NGA,fossil-fuel-operations,oil-and-gas-refining,2017-01-01 00:00:00,2017-12-31 00:00:00,5.5679,5.71685,trace_5.71685_5.5679,co2,258319.4165,annual,31.38452035,T of CO2 per barrel refined,0.180400891,,co-located petrochemical facility id,204.4106551,acidification,30.07536014,particulate matter formation,2.61133e-05,human health cancer,0.001366744,human health non-cancer,6298.175871,ecotoxicity,,,,,,,,,2023-09-07 00:00:00,
3144040,NNPC Warri Refinery,Medium Conversion,NGA,fossil-fuel-operations,oil-and-gas-refining,2017-01-01 00:00:00,2017-12-31 00:00:00,5.5679,5.71685,trace_5.71685_5.5679,co2e_100yr,261067.8917,annual,0.000291591,,0.180400891,,co-located petrochemical facility id,204.4106551,acidification,30.07536014,particulate matter formation,2.61133e-05,human health cancer,0.001366744,human health non-cancer,6298.175871,ecotoxicity,,,,,,,,,2023-09-07 00:00:00,
3144040,NNPC Warri Refinery,Medium Conversion,NGA,fossil-fuel-operations,oil-and-gas-refining,2017-01-01 00:00:00,2017-12-31 00:00:00,5.5679,5.71685,trace_5.71685_5.5679,co2e_20yr,261070.1927,annual,0.000291591,,0.180400891,,co-located petrochemical facility id,204.4106551,acidification,30.07536014,particulate matter formation,2.61133e-05,human health cancer,0.001366744,human health non-cancer,6298.175871,ecotoxicity,,,,,,,,,2023-09-07 00:00:00,
3144040,NNPC Warri Refinery,Medium Conversion,NGA,fossil-fuel-operations,oil-and-gas-refining,2017-01-01 00:00:00,2017-12-31 00:00:00,5.5679,5.71685,trace_5.71685_5.5679,n2o,2.400024703,annual,0.000291591,T of N2O per barrel refined,0.180400891,,co-located petrochemical facility id,204.4106551,acidification,30.07536014,particulate matter formation,2.61133e-05,human health cancer,0.001366744,human health non-cancer,6298.175871,ecotoxicity,,,,,,,,,2023-09-07 00:00:00,
3144040,NNPC Warri Refinery,Medium Conversion,NGA,fossil-fuel-operations,oil-and-gas-refining,2018-01-01 00:00:00,2018-12-31 00:00:00,5.5679,5.71685,trace_5.71685_5.5679,ch4,5.301347966,annual,0.001507201,T of CH4 per barrel refined,0.077092511,,co-located petrochemical facility id,87.35284291,acidification,12.85240345,particulate matter formation,1.11592e-05,human health cancer,0.000584065,human health non-cancer,2691.462278,ecotoxicity,,,,,,,,,2023-09-07 00:00:00,
3144040,NNPC Warri Refinery,Medium Conversion,NGA,fossil-fuel-operations,oil-and-gas-refining,2018-01-01 00:00:00,2018-12-31 00:00:00,5.5679,5.71685,trace_5.71685_5.5679,co2,110390.2113,annual,31.38452035,T of CO2 per barrel refined,0.077092511,,co-located petrochemical facility id,87.35284291,acidification,12.85240345,particulate matter formation,1.11592e-05,human health cancer,0.000584065,human health non-cancer,2691.462278,ecotoxicity,,,,,,,,,2023-09-07 00:00:00,
3144040,NNPC Warri Refinery,Medium Conversion,NGA,fossil-fuel-operations,oil-and-gas-refining,2018-01-01 00:00:00,2018-12-31 00:00:00,5.5679,5.71685,trace_5.71685_5.5679,co2e_100yr,111564.7446,annual,0.000291591,,0.077092511,,co-located petrochemical facility id,87.35284291,acidification,12.85240345,particulate matter formation,1.11592e-05,human health cancer,0.000584065,human health non-cancer,2691.462278,ecotoxicity,,,,,,,,,2023-09-07 00:00:00,
3144040,NNPC Warri Refinery,Medium Conversion,NGA,fossil-fuel-operations,oil-and-gas-refining,2018-01-01 00:00:00,2018-12-31 00:00:00,5.5679,5.71685,trace_5.71685_5.5679,co2e_20yr,111565.7279,annual,0.000291591,,0.077092511,,co-located petrochemical facility id,87.35284291,acidification,12.85240345,particulate matter formation,1.11592e-05,human health cancer,0.000584065,human health non-cancer,2691.462278,ecotoxicity,,,,,,,,,2023-09-07 00:00:00,
3144040,NNPC Warri Refinery,Medium Conversion,NGA,fossil-fuel-operations,oil-and-gas-refining,2018-01-01 00:00:00,2018-12-31 00:00:00,5.5679,5.71685,trace_5.71685_5.5679,n2o,1.025626481,annual,0.000291591,T of N2O per barrel refined,0.077092511,,co-located petrochemical facility id,87.35284291,acidification,12.85240345,particulate matter formation,1.11592e-05,human health cancer,0.000584065,human health non-cancer,2691.462278,ecotoxicity,,,,,,,,,2023-09-07 00:00:00,
3144040,NNPC Warri Refinery,Medium Conversion,NGA,fossil-fuel-operations,oil-and-gas-refining,2019-01-01 00:00:00,2019-12-31 00:00:00,5.5679,5.71685,trace_5.71685_5.5679,ch4,1.04643999,annual,0.001507201,T of CH4 per barrel refined,0.015217391,,co-located petrochemical facility id,17.2426916,acidification,2.536952681,particulate matter formation,2.20274e-06,human health cancer,0.000115289,human health non-cancer,531.2712497,ecotoxicity,,,,,,,,,2023-09-07 00:00:00,
3144040,NNPC Warri Refinery,Medium Conversion,NGA,fossil-fuel-operations,oil-and-gas-refining,2019-01-01 00:00:00,2019-12-31 00:00:00,5.5679,5.71685,trace_5.71685_5.5679,co2,21790.0678,annual,31.38452035,T of CO2 per barrel refined,0.015217391,,co-located petrochemical facility id,17.2426916,acidification,2.536952681,particulate matter formation,2.20274e-06,human health cancer,0.000115289,human health non-cancer,531.2712497,ecotoxicity,,,,,,,,,2023-09-07 00:00:00,
3144040,NNPC Warri Refinery,Medium Conversion,NGA,fossil-fuel-operations,oil-and-gas-refining,2019-01-01 00:00:00,2019-12-31 00:00:00,5.5679,5.71685,trace_5.71685_5.5679,co2e_100yr,22021.91045,annual,0.000291591,,0.015217391,,co-located petrochemical facility id,17.2426916,acidification,2.536952681,particulate matter formation,2.20274e-06,human health cancer,0.000115289,human health non-cancer,531.2712497,ecotoxicity,,,,,,,,,2023-09-07 00:00:00,
3144040,NNPC Warri Refinery,Medium Conversion,NGA,fossil-fuel-operations,oil-and-gas-refining,2019-01-01 00:00:00,2019-12-31 00:00:00,5.5679,5.71685,trace_5.71685_5.5679,co2e_20yr,22022.10455,annual,0.000291591,,0.015217391,,co-located petrochemical facility id,17.2426916,acidification,2.536952681,particulate matter formation,2.20274e-06,human health cancer,0.000115289,human health non-cancer,531.2712497,ecotoxicity,,,,,,,,,2023-09-07 00:00:00,
3144040,NNPC Warri Refinery,Medium Conversion,NGA,fossil-fuel-operations,oil-and-gas-refining,2019-01-01 00:00:00,2019-12-31 00:00:00,5.5679,5.71685,trace_5.71685_5.5679,n2o,0.202449749,annual,0.000291591,T of N2O per barrel refined,0.015217391,,co-located petrochemical facility id,17.2426916,acidification,2.536952681,particulate matter formation,2.20274e-06,human health cancer,0.000115289,human health non-cancer,531.2712497,ecotoxicity,,,,,,,,,2023-09-07 00:00:00,
3144040,NNPC Warri Refinery,Medium Conversion,NGA,fossil-fuel-operations,oil-and-gas-refining,2020-01-01 00:00:00,2020-12-31 00:00:00,5.5679,5.71685,trace_5.71685_5.5679,ch4,0.0,annual,0.001507201,T of CH4 per barrel refined,0.0,,co-located petrochemical facility id,0.0,acidification,0.0,particulate matter formation,0.0,human health cancer,0.0,human health non-cancer,0.0,ecotoxicity,,,,,,,,,2023-09-07 00:00:00,
3144040,NNPC Warri Refinery,Medium Conversion,NGA,fossil-fuel-operations,oil-and-gas-refining,2020-01-01 00:00:00,2020-12-31 00:00:00,5.5679,5.71685,trace_5.71685_5.5679,co2,0.0,annual,31.38452035,T of CO2 per barrel refined,0.0,,co-located petrochemical facility id,0.0,acidification,0.0,particulate matter formation,0.0,human health cancer,0.0,human health non-cancer,0.0,ecotoxicity,,,,,,,,,2023-09-07 00:00:00,
3144040,NNPC Warri Refinery,Medium Conversion,NGA,fossil-fuel-operations,oil-and-gas-refining,2020-01-01 00:00:00,2020-12-31 00:00:00,5.5679,5.71685,trace_5.71685_5.5679,co2e_100yr,0.0,annual,0.000291591,,0.0,,co-located petrochemical facility id,0.0,acidification,0.0,particulate matter formation,0.0,human health cancer,0.0,human health non-cancer,0.0,ecotoxicity,,,,,,,,,2023-09-07 00:00:00,
3144040,NNPC Warri Refinery,Medium Conversion,NGA,fossil-fuel-operations,oil-and-gas-refining,2020-01-01 00:00:00,2020-12-31 00:00:00,5.5679,5.71685,trace_5.71685_5.5679,co2e_20yr,0.0,annual,0.000291591,,0.0,,co-located petrochemical facility id,0.0,acidification,0.0,particulate matter formation,0.0,human health cancer,0.0,human health non-cancer,0.0,ecotoxicity,,,,,,,,,2023-09-07 00:00:00,
3144040,NNPC Warri Refinery,Medium Conversion,NGA,fossil-fuel-operations,oil-and-gas-refining,2020-01-01 00:00:00,2020-12-31 00:00:00,5.5679,5.71685,trace_5.71685_5.5679,n2o,0.0,annual,0.000291591,T of N2O per barrel refined,0.0,,co-located petrochemical facility id,0.0,acidification,0.0,particulate matter formation,0.0,human health cancer,0.0,human health non-cancer,0.0,ecotoxicity,,,,,,,,,2023-09-07 00:00:00,
3144040,NNPC Warri Refinery,Medium Conversion,NGA,fossil-fuel-operations,oil-and-gas-refining,2021-01-01 00:00:00,2021-12-31 00:00:00,5.5679,5.71685,trace_5.71685_5.5679,ch4,0.434311936,annual,0.001507201,T of CH4 per barrel refined,0.006315789,,co-located petrochemical facility id,7.156365235,acidification,1.052930737,particulate matter formation,9.14219e-07,human health cancer,4.78494e-05,human health non-cancer,220.4975412,ecotoxicity,,,,,,,,,2023-09-07 00:00:00,
3144040,NNPC Warri Refinery,Medium Conversion,NGA,fossil-fuel-operations,oil-and-gas-refining,2021-01-01 00:00:00,2021-12-31 00:00:00,5.5679,5.71685,trace_5.71685_5.5679,co2,9043.697311,annual,31.38452035,T of CO2 per barrel refined,0.006315789,,co-located petrochemical facility id,7.156365235,acidification,1.052930737,particulate matter formation,9.14219e-07,human health cancer,4.78494e-05,human health non-cancer,220.4975412,ecotoxicity,,,,,,,,,2023-09-07 00:00:00,
3144040,NNPC Warri Refinery,Medium Conversion,NGA,fossil-fuel-operations,oil-and-gas-refining,2021-01-01 00:00:00,2021-12-31 00:00:00,5.5679,5.71685,trace_5.71685_5.5679,co2e_100yr,9139.92073,annual,0.000291591,,0.006315789,,co-located petrochemical facility id,7.156365235,acidification,1.052930737,particulate matter formation,9.14219e-07,human health cancer,4.78494e-05,human health non-cancer,220.4975412,ecotoxicity,,,,,,,,,2023-09-07 00:00:00,
3144040,NNPC Warri Refinery,Medium Conversion,NGA,fossil-fuel-operations,oil-and-gas-refining,2021-01-01 00:00:00,2021-12-31 00:00:00,5.5679,5.71685,trace_5.71685_5.5679,co2e_20yr,9140.001287,annual,0.000291591,,0.006315789,,co-located petrochemical facility id,7.156365235,acidification,1.052930737,particulate matter formation,9.14219e-07,human health cancer,4.78494e-05,human health non-cancer,220.4975412,ecotoxicity,,,,,,,,,2023-09-07 00:00:00,
3144040,NNPC Warri Refinery,Medium Conversion,NGA,fossil-fuel-operations,oil-and-gas-refining,2021-01-01 00:00:00,2021-12-31 00:00:00,5.5679,5.71685,trace_5.71685_5.5679,n2o,0.084024257,annual,0.000291591,T of N2O per barrel refined,0.006315789,,co-located petrochemical facility id,7.156365235,acidification,1.052930737,particulate matter formation,9.14219e-07,human health cancer,4.78494e-05,human health non-cancer,220.4975412,ecotoxicity,,,,,,,,,2023-09-07 00:00:00,
3144040,NNPC Warri Refinery,Medium Conversion,NGA,fossil-fuel-operations,oil-and-gas-refining,2022-01-01 00:00:00,2022-12-31 00:00:00,5.5679,5.71685,trace_5.71685_5.5679,ch4,0.868623871,annual,0.001507201,T of CH4 per barrel refined,0.012631579,,co-located petrochemical facility id,14.31273047,acidification,2.105861474,particulate matter formation,1.82844e-06,human health cancer,9.56988e-05,human health non-cancer,440.9950824,ecotoxicity,,,,,,,,,2023-09-07 00:00:00,
3144040,NNPC Warri Refinery,Medium Conversion,NGA,fossil-fuel-operations,oil-and-gas-refining,2022-01-01 00:00:00,2022-12-31 00:00:00,5.5679,5.71685,trace_5.71685_5.5679,co2,18087.39462,annual,31.38452035,T of CO2 per barrel refined,0.012631579,,co-located petrochemical facility id,14.31273047,acidification,2.105861474,particulate matter formation,1.82844e-06,human health cancer,9.56988e-05,human health non-cancer,440.9950824,ecotoxicity,,,,,,,,,2023-09-07 00:00:00,
3144040,NNPC Warri Refinery,Medium Conversion,NGA,fossil-fuel-operations,oil-and-gas-refining,2022-01-01 00:00:00,2022-12-31 00:00:00,5.5679,5.71685,trace_5.71685_5.5679,co2e_100yr,18279.84146,annual,0.000291591,,0.012631579,,co-located petrochemical facility id,14.31273047,acidification,2.105861474,particulate matter formation,1.82844e-06,human health cancer,9.56988e-05,human health non-cancer,440.9950824,ecotoxicity,,,,,,,,,2023-09-07 00:00:00,
3144040,NNPC Warri Refinery,Medium Conversion,NGA,fossil-fuel-operations,oil-and-gas-refining,2022-01-01 00:00:00,2022-12-31 00:00:00,5.5679,5.71685,trace_5.71685_5.5679,co2e_20yr,18280.00257,annual,0.000291591,,0.012631579,,co-located petrochemical facility id,14.31273047,acidification,2.105861474,particulate matter formation,1.82844e-06,human health cancer,9.56988e-05,human health non-cancer,440.9950824,ecotoxicity,,,,,,,,,2023-09-07 00:00:00,
3144040,NNPC Warri Refinery,Medium Conversion,NGA,fossil-fuel-operations,oil-and-gas-refining,2022-01-01 00:00:00,2022-12-31 00:00:00,5.5679,5.71685,trace_5.71685_5.5679,n2o,0.168048513,annual,0.000291591,T of N2O per barrel refined,0.012631579,,co-located petrochemical facility id,14.31273047,acidification,2.105861474,particulate matter formation,1.82844e-06,human health cancer,9.56988e-05,human health non-cancer,440.9950824,ecotoxicity,,,,,,,,,2023-09-07 00:00:00,
3144039,PHRC Port Harcourt Refinery,Medium Conversion,NGA,fossil-fuel-operations,oil-and-gas-refining,2015-01-01 00:00:00,2015-12-31 00:00:00,4.763787,7.100668,trace_7.100668_4.763787,ch4,5.66056447,annual,0.001507201,T of CH4 per barrel refined,0.048997773,,co-located petrochemical facility id,93.27182485,acidification,13.72327544,particulate matter formation,1.19154e-05,human health cancer,0.00062364,human health non-cancer,2873.834323,ecotoxicity,,,,,,,,,2023-09-07 00:00:00,
3144039,PHRC Port Harcourt Refinery,Medium Conversion,NGA,fossil-fuel-operations,oil-and-gas-refining,2015-01-01 00:00:00,2015-12-31 00:00:00,4.763787,7.100668,trace_7.100668_4.763787,co2,117870.193,annual,31.38452035,T of CO2 per barrel refined,0.048997773,,co-located petrochemical facility id,93.27182485,acidification,13.72327544,particulate matter formation,1.19154e-05,human health cancer,0.00062364,human health non-cancer,2873.834323,ecotoxicity,,,,,,,,,2023-09-07 00:00:00,
3144039,PHRC Port Harcourt Refinery,Medium Conversion,NGA,fossil-fuel-operations,oil-and-gas-refining,2015-01-01 00:00:00,2015-12-31 00:00:00,4.763787,7.100668,trace_7.100668_4.763787,co2e_100yr,119124.3121,annual,0.000291591,,0.048997773,,co-located petrochemical facility id,93.27182485,acidification,13.72327544,particulate matter formation,1.19154e-05,human health cancer,0.00062364,human health non-cancer,2873.834323,ecotoxicity,,,,,,,,,2023-09-07 00:00:00,
3144039,PHRC Port Harcourt Refinery,Medium Conversion,NGA,fossil-fuel-operations,oil-and-gas-refining,2015-01-01 00:00:00,2015-12-31 00:00:00,4.763787,7.100668,trace_7.100668_4.763787,co2e_20yr,119125.362,annual,0.000291591,,0.048997773,,co-located petrochemical facility id,93.27182485,acidification,13.72327544,particulate matter formation,1.19154e-05,human health cancer,0.00062364,human health non-cancer,2873.834323,ecotoxicity,,,,,,,,,2023-09-07 00:00:00,
3144039,PHRC Port Harcourt Refinery,Medium Conversion,NGA,fossil-fuel-operations,oil-and-gas-refining,2015-01-01 00:00:00,2015-12-31 00:00:00,4.763787,7.100668,trace_7.100668_4.763787,n2o,1.095122383,annual,0.000291591,T of N2O per barrel refined,0.048997773,,co-located petrochemical facility id,93.27182485,acidification,13.72327544,particulate matter formation,1.19154e-05,human health cancer,0.00062364,human health non-cancer,2873.834323,ecotoxicity,,,,,,,,,2023-09-07 00:00:00,
3144039,PHRC Port Harcourt Refinery,Medium Conversion,NGA,fossil-fuel-operations,oil-and-gas-refining,2016-01-01 00:00:00,2016-12-31 00:00:00,4.763787,7.100668,trace_7.100668_4.763787,ch4,15.95249987,annual,0.001507201,T of CH4 per barrel refined,0.138084633,,co-located petrochemical facility id,262.8569609,acidification,38.67468533,particulate matter formation,3.35797e-05,human health cancer,0.001757532,human health non-cancer,8098.987639,ecotoxicity,,,,,,,,,2023-09-07 00:00:00,
3144039,PHRC Port Harcourt Refinery,Medium Conversion,NGA,fossil-fuel-operations,oil-and-gas-refining,2016-01-01 00:00:00,2016-12-31 00:00:00,4.763787,7.100668,trace_7.100668_4.763787,co2,332179.6349,annual,31.38452035,T of CO2 per barrel refined,0.138084633,,co-located petrochemical facility id,262.8569609,acidification,38.67468533,particulate matter formation,3.35797e-05,human health cancer,0.001757532,human health non-cancer,8098.987639,ecotoxicity,,,,,,,,,2023-09-07 00:00:00,
3144039,PHRC Port Harcourt Refinery,Medium Conversion,NGA,fossil-fuel-operations,oil-and-gas-refining,2016-01-01 00:00:00,2016-12-31 00:00:00,4.763787,7.100668,trace_7.100668_4.763787,co2e_100yr,335713.9703,annual,0.000291591,,0.138084633,,co-located petrochemical facility id,262.8569609,acidification,38.67468533,particulate matter formation,3.35797e-05,human health cancer,0.001757532,human health non-cancer,8098.987639,ecotoxicity,,,,,,,,,2023-09-07 00:00:00,
3144039,PHRC Port Harcourt Refinery,Medium Conversion,NGA,fossil-fuel-operations,oil-and-gas-refining,2016-01-01 00:00:00,2016-12-31 00:00:00,4.763787,7.100668,trace_7.100668_4.763787,co2e_20yr,335716.9292,annual,0.000291591,,0.138084633,,co-located petrochemical facility id,262.8569609,acidification,38.67468533,particulate matter formation,3.35797e-05,human health cancer,0.001757532,human health non-cancer,8098.987639,ecotoxicity,,,,,,,,,2023-09-07 00:00:00,
3144039,PHRC Port Harcourt Refinery,Medium Conversion,NGA,fossil-fuel-operations,oil-and-gas-refining,2016-01-01 00:00:00,2016-12-31 00:00:00,4.763787,7.100668,trace_7.100668_4.763787,n2o,3.086253988,annual,0.000291591,T of N2O per barrel refined,0.138084633,,co-located petrochemical facility id,262.8569609,acidification,38.67468533,particulate matter formation,3.35797e-05,human health cancer,0.001757532,human health non-cancer,8098.987639,ecotoxicity,,,,,,,,,2023-09-07 00:00:00,
3144039,PHRC Port Harcourt Refinery,Medium Conversion,NGA,fossil-fuel-operations,oil-and-gas-refining,2017-01-01 00:00:00,2017-12-31 00:00:00,4.763787,7.100668,trace_7.100668_4.763787,ch4,20.84116919,annual,0.001507201,T of CH4 per barrel refined,0.180400891,,co-located petrochemical facility id,343.4099006,acidification,50.52660503,particulate matter formation,4.38703e-05,human health cancer,0.002296131,human health non-cancer,10580.93546,ecotoxicity,,,,,,,,,2023-09-07 00:00:00,
3144039,PHRC Port Harcourt Refinery,Medium Conversion,NGA,fossil-fuel-operations,oil-and-gas-refining,2017-01-01 00:00:00,2017-12-31 00:00:00,4.763787,7.100668,trace_7.100668_4.763787,co2,433976.6198,annual,31.38452035,T of CO2 per barrel refined,0.180400891,,co-located petrochemical facility id,343.4099006,acidification,50.52660503,particulate matter formation,4.38703e-05,human health cancer,0.002296131,human health non-cancer,10580.93546,ecotoxicity,,,,,,,,,2023-09-07 00:00:00,
3144039,PHRC Port Harcourt Refinery,Medium Conversion,NGA,fossil-fuel-operations,oil-and-gas-refining,2017-01-01 00:00:00,2017-12-31 00:00:00,4.763787,7.100668,trace_7.100668_4.763787,co2e_100yr,438594.058,annual,0.000291591,,0.180400891,,co-located petrochemical facility id,343.4099006,acidification,50.52660503,particulate matter formation,4.38703e-05,human health cancer,0.002296131,human health non-cancer,10580.93546,ecotoxicity,,,,,,,,,2023-09-07 00:00:00,
3144039,PHRC Port Harcourt Refinery,Medium Conversion,NGA,fossil-fuel-operations,oil-and-gas-refining,2017-01-01 00:00:00,2017-12-31 00:00:00,4.763787,7.100668,trace_7.100668_4.763787,co2e_20yr,438597.9237,annual,0.000291591,,0.180400891,,co-located petrochemical facility id,343.4099006,acidification,50.52660503,particulate matter formation,4.38703e-05,human health cancer,0.002296131,human health non-cancer,10580.93546,ecotoxicity,,,,,,,,,2023-09-07 00:00:00,
3144039,PHRC Port Harcourt Refinery,Medium Conversion,NGA,fossil-fuel-operations,oil-and-gas-refining,2017-01-01 00:00:00,2017-12-31 00:00:00,4.763787,7.100668,trace_7.100668_4.763787,n2o,4.032041501,annual,0.000291591,T of N2O per barrel refined,0.180400891,,co-located petrochemical facility id,343.4099006,acidification,50.52660503,particulate matter formation,4.38703e-05,human health cancer,0.002296131,human health non-cancer,10580.93546,ecotoxicity,,,,,,,,,2023-09-07 00:00:00,
3144039,PHRC Port Harcourt Refinery,Medium Conversion,NGA,fossil-fuel-operations,oil-and-gas-refining,2018-01-01 00:00:00,2018-12-31 00:00:00,4.763787,7.100668,trace_7.100668_4.763787,ch4,8.906264583,annual,0.001507201,T of CH4 per barrel refined,0.077092511,,co-located petrochemical facility id,146.7527761,acidification,21.5920378,particulate matter formation,1.87475e-05,human health cancer,0.000981228,human health non-cancer,4521.656627,ecotoxicity,,,,,,,,,2023-09-07 00:00:00,
3144039,PHRC Port Harcourt Refinery,Medium Conversion,NGA,fossil-fuel-operations,oil-and-gas-refining,2018-01-01 00:00:00,2018-12-31 00:00:00,4.763787,7.100668,trace_7.100668_4.763787,co2,185455.555,annual,31.38452035,T of CO2 per barrel refined,0.077092511,,co-located petrochemical facility id,146.7527761,acidification,21.5920378,particulate matter formation,1.87475e-05,human health cancer,0.000981228,human health non-cancer,4521.656627,ecotoxicity,,,,,,,,,2023-09-07 00:00:00,
3144039,PHRC Port Harcourt Refinery,Medium Conversion,NGA,fossil-fuel-operations,oil-and-gas-refining,2018-01-01 00:00:00,2018-12-31 00:00:00,4.763787,7.100668,trace_7.100668_4.763787,co2e_100yr,187428.7709,annual,0.000291591,,0.077092511,,co-located petrochemical facility id,146.7527761,acidification,21.5920378,particulate matter formation,1.87475e-05,human health cancer,0.000981228,human health non-cancer,4521.656627,ecotoxicity,,,,,,,,,2023-09-07 00:00:00,
3144039,PHRC Port Harcourt Refinery,Medium Conversion,NGA,fossil-fuel-operations,oil-and-gas-refining,2018-01-01 00:00:00,2018-12-31 00:00:00,4.763787,7.100668,trace_7.100668_4.763787,co2e_20yr,187430.4229,annual,0.000291591,,0.077092511,,co-located petrochemical facility id,146.7527761,acidification,21.5920378,particulate matter formation,1.87475e-05,human health cancer,0.000981228,human health non-cancer,4521.656627,ecotoxicity,,,,,,,,,2023-09-07 00:00:00,
3144039,PHRC Port Harcourt Refinery,Medium Conversion,NGA,fossil-fuel-operations,oil-and-gas-refining,2018-01-01 00:00:00,2018-12-31 00:00:00,4.763787,7.100668,trace_7.100668_4.763787,n2o,1.723052488,annual,0.000291591,T of N2O per barrel refined,0.077092511,,co-located petrochemical facility id,146.7527761,acidification,21.5920378,particulate matter formation,1.87475e-05,human health cancer,0.000981228,human health non-cancer,4521.656627,ecotoxicity,,,,,,,,,2023-09-07 00:00:00,
3144039,PHRC Port Harcourt Refinery,Medium Conversion,NGA,fossil-fuel-operations,oil-and-gas-refining,2019-01-01 00:00:00,2019-12-31 00:00:00,4.763787,7.100668,trace_7.100668_4.763787,ch4,1.758019183,annual,0.001507201,T of CH4 per barrel refined,0.015217391,,co-located petrochemical facility id,28.96772189,acidification,4.262080505,particulate matter formation,3.7006e-06,human health cancer,0.000193686,human health non-cancer,892.5356994,ecotoxicity,,,,,,,,,2023-09-07 00:00:00,
3144039,PHRC Port Harcourt Refinery,Medium Conversion,NGA,fossil-fuel-operations,oil-and-gas-refining,2019-01-01 00:00:00,2019-12-31 00:00:00,4.763787,7.100668,trace_7.100668_4.763787,co2,36607.3139,annual,31.38452035,T of CO2 per barrel refined,0.015217391,,co-located petrochemical facility id,28.96772189,acidification,4.262080505,particulate matter formation,3.7006e-06,human health cancer,0.000193686,human health non-cancer,892.5356994,ecotoxicity,,,,,,,,,2023-09-07 00:00:00,
3144039,PHRC Port Harcourt Refinery,Medium Conversion,NGA,fossil-fuel-operations,oil-and-gas-refining,2019-01-01 00:00:00,2019-12-31 00:00:00,4.763787,7.100668,trace_7.100668_4.763787,co2e_100yr,36996.80956,annual,0.000291591,,0.015217391,,co-located petrochemical facility id,28.96772189,acidification,4.262080505,particulate matter formation,3.7006e-06,human health cancer,0.000193686,human health non-cancer,892.5356994,ecotoxicity,,,,,,,,,2023-09-07 00:00:00,
3144039,PHRC Port Harcourt Refinery,Medium Conversion,NGA,fossil-fuel-operations,oil-and-gas-refining,2019-01-01 00:00:00,2019-12-31 00:00:00,4.763787,7.100668,trace_7.100668_4.763787,co2e_20yr,36997.13565,annual,0.000291591,,0.015217391,,co-located petrochemical facility id,28.96772189,acidification,4.262080505,particulate matter formation,3.7006e-06,human health cancer,0.000193686,human health non-cancer,892.5356994,ecotoxicity,,,,,,,,,2023-09-07 00:00:00,
3144039,PHRC Port Harcourt Refinery,Medium Conversion,NGA,fossil-fuel-operations,oil-and-gas-refining,2019-01-01 00:00:00,2019-12-31 00:00:00,4.763787,7.100668,trace_7.100668_4.763787,n2o,0.340115578,annual,0.000291591,T of N2O per barrel refined,0.015217391,,co-located petrochemical facility id,28.96772189,acidification,4.262080505,particulate matter formation,3.7006e-06,human health cancer,0.000193686,human health non-cancer,892.5356994,ecotoxicity,,,,,,,,,2023-09-07 00:00:00,
3144039,PHRC Port Harcourt Refinery,Medium Conversion,NGA,fossil-fuel-operations,oil-and-gas-refining,2020-01-01 00:00:00,2020-12-31 00:00:00,4.763787,7.100668,trace_7.100668_4.763787,ch4,0.0,annual,0.001507201,T of CH4 per barrel refined,0.0,,co-located petrochemical facility id,0.0,acidification,0.0,particulate matter formation,0.0,human health cancer,0.0,human health non-cancer,0.0,ecotoxicity,,,,,,,,,2023-09-07 00:00:00,
3144039,PHRC Port Harcourt Refinery,Medium Conversion,NGA,fossil-fuel-operations,oil-and-gas-refining,2020-01-01 00:00:00,2020-12-31 00:00:00,4.763787,7.100668,trace_7.100668_4.763787,co2,0.0,annual,31.38452035,T of CO2 per barrel refined,0.0,,co-located petrochemical facility id,0.0,acidification,0.0,particulate matter formation,0.0,human health cancer,0.0,human health non-cancer,0.0,ecotoxicity,,,,,,,,,2023-09-07 00:00:00,
3144039,PHRC Port Harcourt Refinery,Medium Conversion,NGA,fossil-fuel-operations,oil-and-gas-refining,2020-01-01 00:00:00,2020-12-31 00:00:00,4.763787,7.100668,trace_7.100668_4.763787,co2e_100yr,0.0,annual,0.000291591,,0.0,,co-located petrochemical facility id,0.0,acidification,0.0,particulate matter formation,0.0,human health cancer,0.0,human health non-cancer,0.0,ecotoxicity,,,,,,,,,2023-09-07 00:00:00,
3144039,PHRC Port Harcourt Refinery,Medium Conversion,NGA,fossil-fuel-operations,oil-and-gas-refining,2020-01-01 00:00:00,2020-12-31 00:00:00,4.763787,7.100668,trace_7.100668_4.763787,co2e_20yr,0.0,annual,0.000291591,,0.0,,co-located petrochemical facility id,0.0,acidification,0.0,particulate matter formation,0.0,human health cancer,0.0,human health non-cancer,0.0,ecotoxicity,,,,,,,,,2023-09-07 00:00:00,
3144039,PHRC Port Harcourt Refinery,Medium Conversion,NGA,fossil-fuel-operations,oil-and-gas-refining,2020-01-01 00:00:00,2020-12-31 00:00:00,4.763787,7.100668,trace_7.100668_4.763787,n2o,0.0,annual,0.000291591,T of N2O per barrel refined,0.0,,co-located petrochemical facility id,0.0,acidification,0.0,particulate matter formation,0.0,human health cancer,0.0,human health non-cancer,0.0,ecotoxicity,,,,,,,,,2023-09-07 00:00:00,
3144039,PHRC Port Harcourt Refinery,Medium Conversion,NGA,fossil-fuel-operations,oil-and-gas-refining,2021-01-01 00:00:00,2021-12-31 00:00:00,4.763787,7.100668,trace_7.100668_4.763787,ch4,0.729644052,annual,0.001507201,T of CH4 per barrel refined,0.006315789,,co-located petrochemical facility id,12.0226936,acidification,1.768923638,particulate matter formation,1.53589e-06,human health cancer,8.0387e-05,human health non-cancer,370.4358692,ecotoxicity,,,,,,,,,2023-09-07 00:00:00,
3144039,PHRC Port Harcourt Refinery,Medium Conversion,NGA,fossil-fuel-operations,oil-and-gas-refining,2021-01-01 00:00:00,2021-12-31 00:00:00,4.763787,7.100668,trace_7.100668_4.763787,co2,15193.41148,annual,31.38452035,T of CO2 per barrel refined,0.006315789,,co-located petrochemical facility id,12.0226936,acidification,1.768923638,particulate matter formation,1.53589e-06,human health cancer,8.0387e-05,human health non-cancer,370.4358692,ecotoxicity,,,,,,,,,2023-09-07 00:00:00,
3144039,PHRC Port Harcourt Refinery,Medium Conversion,NGA,fossil-fuel-operations,oil-and-gas-refining,2021-01-01 00:00:00,2021-12-31 00:00:00,4.763787,7.100668,trace_7.100668_4.763787,co2e_100yr,15355.06683,annual,0.000291591,,0.006315789,,co-located petrochemical facility id,12.0226936,acidification,1.768923638,particulate matter formation,1.53589e-06,human health cancer,8.0387e-05,human health non-cancer,370.4358692,ecotoxicity,,,,,,,,,2023-09-07 00:00:00,
3144039,PHRC Port Harcourt Refinery,Medium Conversion,NGA,fossil-fuel-operations,oil-and-gas-refining,2021-01-01 00:00:00,2021-12-31 00:00:00,4.763787,7.100668,trace_7.100668_4.763787,co2e_20yr,15355.20216,annual,0.000291591,,0.006315789,,co-located petrochemical facility id,12.0226936,acidification,1.768923638,particulate matter formation,1.53589e-06,human health cancer,8.0387e-05,human health non-cancer,370.4358692,ecotoxicity,,,,,,,,,2023-09-07 00:00:00,
3144039,PHRC Port Harcourt Refinery,Medium Conversion,NGA,fossil-fuel-operations,oil-and-gas-refining,2021-01-01 00:00:00,2021-12-31 00:00:00,4.763787,7.100668,trace_7.100668_4.763787,n2o,0.141160751,annual,0.000291591,T of N2O per barrel refined,0.006315789,,co-located petrochemical facility id,12.0226936,acidification,1.768923638,particulate matter formation,1.53589e-06,human health cancer,8.0387e-05,human health non-cancer,370.4358692,ecotoxicity,,,,,,,,,2023-09-07 00:00:00,
3144039,PHRC Port Harcourt Refinery,Medium Conversion,NGA,fossil-fuel-operations,oil-and-gas-refining,2022-01-01 00:00:00,2022-12-31 00:00:00,4.763787,7.100668,trace_7.100668_4.763787,ch4,1.459288104,annual,0.001507201,T of CH4 per barrel refined,0.012631579,,co-located petrochemical facility id,24.04538719,acidification,3.537847276,particulate matter formation,3.07178e-06,human health cancer,0.000160774,human health non-cancer,740.8717385,ecotoxicity,,,,,,,,,2023-09-07 00:00:00,
3144039,PHRC Port Harcourt Refinery,Medium Conversion,NGA,fossil-fuel-operations,oil-and-gas-refining,2022-01-01 00:00:00,2022-12-31 00:00:00,4.763787,7.100668,trace_7.100668_4.763787,co2,30386.82297,annual,31.38452035,T of CO2 per barrel refined,0.012631579,,co-located petrochemical facility id,24.04538719,acidification,3.537847276,particulate matter formation,3.07178e-06,human health cancer,0.000160774,human health non-cancer,740.8717385,ecotoxicity,,,,,,,,,2023-09-07 00:00:00,
3144039,PHRC Port Harcourt Refinery,Medium Conversion,NGA,fossil-fuel-operations,oil-and-gas-refining,2022-01-01 00:00:00,2022-12-31 00:00:00,4.763787,7.100668,trace_7.100668_4.763787,co2e_100yr,30710.13365,annual,0.000291591,,0.012631579,,co-located petrochemical facility id,24.04538719,acidification,3.537847276,particulate matter formation,3.07178e-06,human health cancer,0.000160774,human health non-cancer,740.8717385,ecotoxicity,,,,,,,,,2023-09-07 00:00:00,
3144039,PHRC Port Harcourt Refinery,Medium Conversion,NGA,fossil-fuel-operations,oil-and-gas-refining,2022-01-01 00:00:00,2022-12-31 00:00:00,4.763787,7.100668,trace_7.100668_4.763787,co2e_20yr,30710.40433,annual,0.000291591,,0.012631579,,co-located petrochemical facility id,24.04538719,acidification,3.537847276,particulate matter formation,3.07178e-06,human health cancer,0.000160774,human health non-cancer,740.8717385,ecotoxicity,,,,,,,,,2023-09-07 00:00:00,
3144039,PHRC Port Harcourt Refinery,Medium Conversion,NGA,fossil-fuel-operations,oil-and-gas-refining,2022-01-01 00:00:00,2022-12-31 00:00:00,4.763787,7.100668,trace_7.100668_4.763787,n2o,0.282321502,annual,0.000291591,T of N2O per barrel refined,0.012631579,,co-located petrochemical facility id,24.04538719,acidification,3.537847276,particulate matter formation,3.07178e-06,human health cancer,0.000160774,human health non-cancer,740.8717385,ecotoxicity,,,,,,,,,2023-09-07 00:00:00,
