source_id,source_name,iso3_country,sector,subsector,start_time,end_time,source_type,capacity,capacity_factor,activity,co2_emissions_factor,ch4_emissions_factor,n2o_emissions_factor,co2_emissions,ch4_emissions,n2o_emissions,total_co2e_20yrgwp,created_date,modified_date,total_co2e_100yrgwp
25491212,Ankwil,NGA,forestry-and-land-use,water-reservoirs,2015-01-01 00:00:00,2015-12-31 00:00:00,high,high,,high,medium,medium,,medium,medium,,medium,2023-11-01 00:00:00,2023-11-02 17:00:00,medium
25491212,Ankwil,NGA,forestry-and-land-use,water-reservoirs,2016-01-01 00:00:00,2016-12-31 00:00:00,high,high,,high,medium,medium,,medium,medium,,medium,2023-11-01 00:00:00,2023-11-02 17:00:00,medium
25491212,Ankwil,NGA,forestry-and-land-use,water-reservoirs,2017-01-01 00:00:00,2017-12-31 00:00:00,high,high,,high,medium,medium,,medium,medium,,medium,2023-11-01 00:00:00,2023-11-02 17:00:00,medium
25491212,Ankwil,NGA,forestry-and-land-use,water-reservoirs,2018-01-01 00:00:00,2018-12-31 00:00:00,high,high,,high,medium,medium,,medium,medium,,medium,2023-11-01 00:00:00,2023-11-02 17:00:00,medium
25491212,Ankwil,NGA,forestry-and-land-use,water-reservoirs,2019-01-01 00:00:00,2019-12-31 00:00:00,high,high,,high,medium,medium,,medium,medium,,medium,2023-11-01 00:00:00,2023-11-02 17:00:00,medium
25491212,Ankwil,NGA,forestry-and-land-use,water-reservoirs,2020-01-01 00:00:00,2020-12-31 00:00:00,high,high,,high,medium,medium,,medium,medium,,medium,2023-11-01 00:00:00,2023-11-02 17:00:00,medium
25491212,Ankwil,NGA,forestry-and-land-use,water-reservoirs,2021-01-01 00:00:00,2021-12-31 00:00:00,high,high,,high,medium,medium,,medium,medium,,medium,2023-11-01 00:00:00,2023-11-02 17:00:00,medium
25491212,Ankwil,NGA,forestry-and-land-use,water-reservoirs,2022-01-01 00:00:00,2022-12-31 00:00:00,high,high,,high,medium,medium,,medium,medium,,medium,2023-11-01 00:00:00,2023-11-02 17:00:00,medium
25491229,Asejire,NGA,forestry-and-land-use,water-reservoirs,2015-01-01 00:00:00,2015-12-31 00:00:00,medium,medium,,medium,medium,medium,,medium,medium,,medium,2023-11-01 00:00:00,2023-11-02 17:00:00,medium
25491229,Asejire,NGA,forestry-and-land-use,water-reservoirs,2016-01-01 00:00:00,2016-12-31 00:00:00,medium,medium,,medium,medium,medium,,medium,medium,,medium,2023-11-01 00:00:00,2023-11-02 17:00:00,medium
25491229,Asejire,NGA,forestry-and-land-use,water-reservoirs,2017-01-01 00:00:00,2017-12-31 00:00:00,medium,medium,,medium,medium,medium,,medium,medium,,medium,2023-11-01 00:00:00,2023-11-02 17:00:00,medium
25491229,Asejire,NGA,forestry-and-land-use,water-reservoirs,2018-01-01 00:00:00,2018-12-31 00:00:00,medium,medium,,medium,medium,medium,,medium,medium,,medium,2023-11-01 00:00:00,2023-11-02 17:00:00,medium
25491229,Asejire,NGA,forestry-and-land-use,water-reservoirs,2019-01-01 00:00:00,2019-12-31 00:00:00,medium,medium,,medium,medium,medium,,medium,medium,,medium,2023-11-01 00:00:00,2023-11-02 17:00:00,medium
25491229,Asejire,NGA,forestry-and-land-use,water-reservoirs,2020-01-01 00:00:00,2020-12-31 00:00:00,medium,medium,,medium,medium,medium,,medium,medium,,medium,2023-11-01 00:00:00,2023-11-02 17:00:00,medium
25491229,Asejire,NGA,forestry-and-land-use,water-reservoirs,2021-01-01 00:00:00,2021-12-31 00:00:00,medium,medium,,medium,medium,medium,,medium,medium,,medium,2023-11-01 00:00:00,2023-11-02 17:00:00,medium
25491229,Asejire,NGA,forestry-and-land-use,water-reservoirs,2022-01-01 00:00:00,2022-12-31 00:00:00,medium,medium,,medium,medium,medium,,medium,medium,,medium,2023-11-01 00:00:00,2023-11-02 17:00:00,medium
25491227,Awon,NGA,forestry-and-land-use,water-reservoirs,2015-01-01 00:00:00,2015-12-31 00:00:00,high,high,,high,medium,medium,,medium,medium,,medium,2023-11-01 00:00:00,2023-11-02 17:00:00,medium
25491227,Awon,NGA,forestry-and-land-use,water-reservoirs,2016-01-01 00:00:00,2016-12-31 00:00:00,high,high,,high,medium,medium,,medium,medium,,medium,2023-11-01 00:00:00,2023-11-02 17:00:00,medium
25491227,Awon,NGA,forestry-and-land-use,water-reservoirs,2017-01-01 00:00:00,2017-12-31 00:00:00,high,high,,high,medium,medium,,medium,medium,,medium,2023-11-01 00:00:00,2023-11-02 17:00:00,medium
25491227,Awon,NGA,forestry-and-land-use,water-reservoirs,2018-01-01 00:00:00,2018-12-31 00:00:00,high,high,,high,medium,medium,,medium,medium,,medium,2023-11-01 00:00:00,2023-11-02 17:00:00,medium
25491227,Awon,NGA,forestry-and-land-use,water-reservoirs,2019-01-01 00:00:00,2019-12-31 00:00:00,high,high,,high,medium,medium,,medium,medium,,medium,2023-11-01 00:00:00,2023-11-02 17:00:00,medium
25491227,Awon,NGA,forestry-and-land-use,water-reservoirs,2020-01-01 00:00:00,2020-12-31 00:00:00,high,high,,high,medium,medium,,medium,medium,,medium,2023-11-01 00:00:00,2023-11-02 17:00:00,medium
25491227,Awon,NGA,forestry-and-land-use,water-reservoirs,2021-01-01 00:00:00,2021-12-31 00:00:00,high,high,,high,medium,medium,,medium,medium,,medium,2023-11-01 00:00:00,2023-11-02 17:00:00,medium
25491227,Awon,NGA,forestry-and-land-use,water-reservoirs,2022-01-01 00:00:00,2022-12-31 00:00:00,high,high,,high,medium,medium,,medium,medium,,medium,2023-11-01 00:00:00,2023-11-02 17:00:00,medium
25491183,Bakolori,NGA,forestry-and-land-use,water-reservoirs,2015-01-01 00:00:00,2015-12-31 00:00:00,high,high,,high,medium,medium,,medium,medium,,medium,2023-11-01 00:00:00,2023-11-02 17:00:00,medium
25491183,Bakolori,NGA,forestry-and-land-use,water-reservoirs,2016-01-01 00:00:00,2016-12-31 00:00:00,high,high,,high,medium,medium,,medium,medium,,medium,2023-11-01 00:00:00,2023-11-02 17:00:00,medium
25491183,Bakolori,NGA,forestry-and-land-use,water-reservoirs,2017-01-01 00:00:00,2017-12-31 00:00:00,high,high,,high,medium,medium,,medium,medium,,medium,2023-11-01 00:00:00,2023-11-02 17:00:00,medium
25491183,Bakolori,NGA,forestry-and-land-use,water-reservoirs,2018-01-01 00:00:00,2018-12-31 00:00:00,high,high,,high,medium,medium,,medium,medium,,medium,2023-11-01 00:00:00,2023-11-02 17:00:00,medium
25491183,Bakolori,NGA,forestry-and-land-use,water-reservoirs,2019-01-01 00:00:00,2019-12-31 00:00:00,high,high,,high,medium,medium,,medium,medium,,medium,2023-11-01 00:00:00,2023-11-02 17:00:00,medium
25491183,Bakolori,NGA,forestry-and-land-use,water-reservoirs,2020-01-01 00:00:00,2020-12-31 00:00:00,high,high,,high,medium,medium,,medium,medium,,medium,2023-11-01 00:00:00,2023-11-02 17:00:00,medium
25491183,Bakolori,NGA,forestry-and-land-use,water-reservoirs,2021-01-01 00:00:00,2021-12-31 00:00:00,high,high,,high,medium,medium,,medium,medium,,medium,2023-11-01 00:00:00,2023-11-02 17:00:00,medium
25491183,Bakolori,NGA,forestry-and-land-use,water-reservoirs,2022-01-01 00:00:00,2022-12-31 00:00:00,high,high,,high,medium,medium,,medium,medium,,medium,2023-11-01 00:00:00,2023-11-02 17:00:00,medium
25491210,Balanga,NGA,forestry-and-land-use,water-reservoirs,2015-01-01 00:00:00,2015-12-31 00:00:00,high,high,,high,medium,medium,,medium,medium,,medium,2023-11-01 00:00:00,2023-11-02 17:00:00,medium
25491210,Balanga,NGA,forestry-and-land-use,water-reservoirs,2016-01-01 00:00:00,2016-12-31 00:00:00,high,high,,high,medium,medium,,medium,medium,,medium,2023-11-01 00:00:00,2023-11-02 17:00:00,medium
25491210,Balanga,NGA,forestry-and-land-use,water-reservoirs,2017-01-01 00:00:00,2017-12-31 00:00:00,high,high,,high,medium,medium,,medium,medium,,medium,2023-11-01 00:00:00,2023-11-02 17:00:00,medium
25491210,Balanga,NGA,forestry-and-land-use,water-reservoirs,2018-01-01 00:00:00,2018-12-31 00:00:00,high,high,,high,medium,medium,,medium,medium,,medium,2023-11-01 00:00:00,2023-11-02 17:00:00,medium
25491210,Balanga,NGA,forestry-and-land-use,water-reservoirs,2019-01-01 00:00:00,2019-12-31 00:00:00,high,high,,high,medium,medium,,medium,medium,,medium,2023-11-01 00:00:00,2023-11-02 17:00:00,medium
25491210,Balanga,NGA,forestry-and-land-use,water-reservoirs,2020-01-01 00:00:00,2020-12-31 00:00:00,high,high,,high,medium,medium,,medium,medium,,medium,2023-11-01 00:00:00,2023-11-02 17:00:00,medium
25491210,Balanga,NGA,forestry-and-land-use,water-reservoirs,2021-01-01 00:00:00,2021-12-31 00:00:00,high,high,,high,medium,medium,,medium,medium,,medium,2023-11-01 00:00:00,2023-11-02 17:00:00,medium
25491210,Balanga,NGA,forestry-and-land-use,water-reservoirs,2022-01-01 00:00:00,2022-12-31 00:00:00,high,high,,high,medium,medium,,medium,medium,,medium,2023-11-01 00:00:00,2023-11-02 17:00:00,medium
25491197,Challawa Gorge Dam,NGA,forestry-and-land-use,water-reservoirs,2015-01-01 00:00:00,2015-12-31 00:00:00,medium,medium,,medium,medium,medium,,medium,medium,,medium,2023-11-01 00:00:00,2023-11-02 17:00:00,medium
25491197,Challawa Gorge Dam,NGA,forestry-and-land-use,water-reservoirs,2016-01-01 00:00:00,2016-12-31 00:00:00,medium,medium,,medium,medium,medium,,medium,medium,,medium,2023-11-01 00:00:00,2023-11-02 17:00:00,medium
25491197,Challawa Gorge Dam,NGA,forestry-and-land-use,water-reservoirs,2017-01-01 00:00:00,2017-12-31 00:00:00,medium,medium,,medium,medium,medium,,medium,medium,,medium,2023-11-01 00:00:00,2023-11-02 17:00:00,medium
25491197,Challawa Gorge Dam,NGA,forestry-and-land-use,water-reservoirs,2018-01-01 00:00:00,2018-12-31 00:00:00,medium,medium,,medium,medium,medium,,medium,medium,,medium,2023-11-01 00:00:00,2023-11-02 17:00:00,medium
25491197,Challawa Gorge Dam,NGA,forestry-and-land-use,water-reservoirs,2019-01-01 00:00:00,2019-12-31 00:00:00,medium,medium,,medium,medium,medium,,medium,medium,,medium,2023-11-01 00:00:00,2023-11-02 17:00:00,medium
25491197,Challawa Gorge Dam,NGA,forestry-and-land-use,water-reservoirs,2020-01-01 00:00:00,2020-12-31 00:00:00,medium,medium,,medium,medium,medium,,medium,medium,,medium,2023-11-01 00:00:00,2023-11-02 17:00:00,medium
25491197,Challawa Gorge Dam,NGA,forestry-and-land-use,water-reservoirs,2021-01-01 00:00:00,2021-12-31 00:00:00,medium,medium,,medium,medium,medium,,medium,medium,,medium,2023-11-01 00:00:00,2023-11-02 17:00:00,medium
25491197,Challawa Gorge Dam,NGA,forestry-and-land-use,water-reservoirs,2022-01-01 00:00:00,2022-12-31 00:00:00,medium,medium,,medium,medium,medium,,medium,medium,,medium,2023-11-01 00:00:00,2023-11-02 17:00:00,medium
25491208,Dadin Kowa,NGA,forestry-and-land-use,water-reservoirs,2015-01-01 00:00:00,2015-12-31 00:00:00,high,high,,high,medium,medium,,medium,medium,,medium,2023-11-01 00:00:00,2023-11-02 17:00:00,medium
25491208,Dadin Kowa,NGA,forestry-and-land-use,water-reservoirs,2016-01-01 00:00:00,2016-12-31 00:00:00,high,high,,high,medium,medium,,medium,medium,,medium,2023-11-01 00:00:00,2023-11-02 17:00:00,medium
25491208,Dadin Kowa,NGA,forestry-and-land-use,water-reservoirs,2017-01-01 00:00:00,2017-12-31 00:00:00,high,high,,high,medium,medium,,medium,medium,,medium,2023-11-01 00:00:00,2023-11-02 17:00:00,medium
25491208,Dadin Kowa,NGA,forestry-and-land-use,water-reservoirs,2018-01-01 00:00:00,2018-12-31 00:00:00,high,high,,high,medium,medium,,medium,medium,,medium,2023-11-01 00:00:00,2023-11-02 17:00:00,medium
25491208,Dadin Kowa,NGA,forestry-and-land-use,water-reservoirs,2019-01-01 00:00:00,2019-12-31 00:00:00,high,high,,high,medium,medium,,medium,medium,,medium,2023-11-01 00:00:00,2023-11-02 17:00:00,medium
25491208,Dadin Kowa,NGA,forestry-and-land-use,water-reservoirs,2020-01-01 00:00:00,2020-12-31 00:00:00,high,high,,high,medium,medium,,medium,medium,,medium,2023-11-01 00:00:00,2023-11-02 17:00:00,medium
25491208,Dadin Kowa,NGA,forestry-and-land-use,water-reservoirs,2021-01-01 00:00:00,2021-12-31 00:00:00,high,high,,high,medium,medium,,medium,medium,,medium,2023-11-01 00:00:00,2023-11-02 17:00:00,medium
25491208,Dadin Kowa,NGA,forestry-and-land-use,water-reservoirs,2022-01-01 00:00:00,2022-12-31 00:00:00,high,high,,high,medium,medium,,medium,medium,,medium,2023-11-01 00:00:00,2023-11-02 17:00:00,medium
25491222,Doma,NGA,forestry-and-land-use,water-reservoirs,2015-01-01 00:00:00,2015-12-31 00:00:00,high,high,,high,medium,medium,,medium,medium,,medium,2023-11-01 00:00:00,2023-11-02 17:00:00,medium
25491222,Doma,NGA,forestry-and-land-use,water-reservoirs,2016-01-01 00:00:00,2016-12-31 00:00:00,high,high,,high,medium,medium,,medium,medium,,medium,2023-11-01 00:00:00,2023-11-02 17:00:00,medium
25491222,Doma,NGA,forestry-and-land-use,water-reservoirs,2017-01-01 00:00:00,2017-12-31 00:00:00,high,high,,high,medium,medium,,medium,medium,,medium,2023-11-01 00:00:00,2023-11-02 17:00:00,medium
25491222,Doma,NGA,forestry-and-land-use,water-reservoirs,2018-01-01 00:00:00,2018-12-31 00:00:00,high,high,,high,medium,medium,,medium,medium,,medium,2023-11-01 00:00:00,2023-11-02 17:00:00,medium
25491222,Doma,NGA,forestry-and-land-use,water-reservoirs,2019-01-01 00:00:00,2019-12-31 00:00:00,high,high,,high,medium,medium,,medium,medium,,medium,2023-11-01 00:00:00,2023-11-02 17:00:00,medium
25491222,Doma,NGA,forestry-and-land-use,water-reservoirs,2020-01-01 00:00:00,2020-12-31 00:00:00,high,high,,high,medium,medium,,medium,medium,,medium,2023-11-01 00:00:00,2023-11-02 17:00:00,medium
25491222,Doma,NGA,forestry-and-land-use,water-reservoirs,2021-01-01 00:00:00,2021-12-31 00:00:00,high,high,,high,medium,medium,,medium,medium,,medium,2023-11-01 00:00:00,2023-11-02 17:00:00,medium
25491222,Doma,NGA,forestry-and-land-use,water-reservoirs,2022-01-01 00:00:00,2022-12-31 00:00:00,high,high,,high,medium,medium,,medium,medium,,medium,2023-11-01 00:00:00,2023-11-02 17:00:00,medium
25491199,Eagauda,NGA,forestry-and-land-use,water-reservoirs,2015-01-01 00:00:00,2015-12-31 00:00:00,high,high,,high,medium,medium,,medium,medium,,medium,2023-11-01 00:00:00,2023-11-02 17:00:00,medium
25491199,Eagauda,NGA,forestry-and-land-use,water-reservoirs,2016-01-01 00:00:00,2016-12-31 00:00:00,high,high,,high,medium,medium,,medium,medium,,medium,2023-11-01 00:00:00,2023-11-02 17:00:00,medium
25491199,Eagauda,NGA,forestry-and-land-use,water-reservoirs,2017-01-01 00:00:00,2017-12-31 00:00:00,high,high,,high,medium,medium,,medium,medium,,medium,2023-11-01 00:00:00,2023-11-02 17:00:00,medium
25491199,Eagauda,NGA,forestry-and-land-use,water-reservoirs,2018-01-01 00:00:00,2018-12-31 00:00:00,high,high,,high,medium,medium,,medium,medium,,medium,2023-11-01 00:00:00,2023-11-02 17:00:00,medium
25491199,Eagauda,NGA,forestry-and-land-use,water-reservoirs,2019-01-01 00:00:00,2019-12-31 00:00:00,high,high,,high,medium,medium,,medium,medium,,medium,2023-11-01 00:00:00,2023-11-02 17:00:00,medium
25491199,Eagauda,NGA,forestry-and-land-use,water-reservoirs,2020-01-01 00:00:00,2020-12-31 00:00:00,high,high,,high,medium,medium,,medium,medium,,medium,2023-11-01 00:00:00,2023-11-02 17:00:00,medium
25491199,Eagauda,NGA,forestry-and-land-use,water-reservoirs,2021-01-01 00:00:00,2021-12-31 00:00:00,high,high,,high,medium,medium,,medium,medium,,medium,2023-11-01 00:00:00,2023-11-02 17:00:00,medium
25491199,Eagauda,NGA,forestry-and-land-use,water-reservoirs,2022-01-01 00:00:00,2022-12-31 00:00:00,high,high,,high,medium,medium,,medium,medium,,medium,2023-11-01 00:00:00,2023-11-02 17:00:00,medium
25491226,Erinle,NGA,forestry-and-land-use,water-reservoirs,2015-01-01 00:00:00,2015-12-31 00:00:00,high,high,,high,medium,medium,,medium,medium,,medium,2023-11-01 00:00:00,2023-11-02 17:00:00,medium
25491226,Erinle,NGA,forestry-and-land-use,water-reservoirs,2016-01-01 00:00:00,2016-12-31 00:00:00,high,high,,high,medium,medium,,medium,medium,,medium,2023-11-01 00:00:00,2023-11-02 17:00:00,medium
25491226,Erinle,NGA,forestry-and-land-use,water-reservoirs,2017-01-01 00:00:00,2017-12-31 00:00:00,high,high,,high,medium,medium,,medium,medium,,medium,2023-11-01 00:00:00,2023-11-02 17:00:00,medium
25491226,Erinle,NGA,forestry-and-land-use,water-reservoirs,2018-01-01 00:00:00,2018-12-31 00:00:00,high,high,,high,medium,medium,,medium,medium,,medium,2023-11-01 00:00:00,2023-11-02 17:00:00,medium
25491226,Erinle,NGA,forestry-and-land-use,water-reservoirs,2019-01-01 00:00:00,2019-12-31 00:00:00,high,high,,high,medium,medium,,medium,medium,,medium,2023-11-01 00:00:00,2023-11-02 17:00:00,medium
25491226,Erinle,NGA,forestry-and-land-use,water-reservoirs,2020-01-01 00:00:00,2020-12-31 00:00:00,high,high,,high,medium,medium,,medium,medium,,medium,2023-11-01 00:00:00,2023-11-02 17:00:00,medium
25491226,Erinle,NGA,forestry-and-land-use,water-reservoirs,2021-01-01 00:00:00,2021-12-31 00:00:00,high,high,,high,medium,medium,,medium,medium,,medium,2023-11-01 00:00:00,2023-11-02 17:00:00,medium
25491226,Erinle,NGA,forestry-and-land-use,water-reservoirs,2022-01-01 00:00:00,2022-12-31 00:00:00,high,high,,high,medium,medium,,medium,medium,,medium,2023-11-01 00:00:00,2023-11-02 17:00:00,medium
25491225,Ero,NGA,forestry-and-land-use,water-reservoirs,2015-01-01 00:00:00,2015-12-31 00:00:00,high,high,,high,medium,medium,,medium,medium,,medium,2023-11-01 00:00:00,2023-11-02 17:00:00,medium
25491225,Ero,NGA,forestry-and-land-use,water-reservoirs,2016-01-01 00:00:00,2016-12-31 00:00:00,high,high,,high,medium,medium,,medium,medium,,medium,2023-11-01 00:00:00,2023-11-02 17:00:00,medium
25491225,Ero,NGA,forestry-and-land-use,water-reservoirs,2017-01-01 00:00:00,2017-12-31 00:00:00,high,high,,high,medium,medium,,medium,medium,,medium,2023-11-01 00:00:00,2023-11-02 17:00:00,medium
25491225,Ero,NGA,forestry-and-land-use,water-reservoirs,2018-01-01 00:00:00,2018-12-31 00:00:00,high,high,,high,medium,medium,,medium,medium,,medium,2023-11-01 00:00:00,2023-11-02 17:00:00,medium
25491225,Ero,NGA,forestry-and-land-use,water-reservoirs,2019-01-01 00:00:00,2019-12-31 00:00:00,high,high,,high,medium,medium,,medium,medium,,medium,2023-11-01 00:00:00,2023-11-02 17:00:00,medium
25491225,Ero,NGA,forestry-and-land-use,water-reservoirs,2020-01-01 00:00:00,2020-12-31 00:00:00,high,high,,high,medium,medium,,medium,medium,,medium,2023-11-01 00:00:00,2023-11-02 17:00:00,medium
25491225,Ero,NGA,forestry-and-land-use,water-reservoirs,2021-01-01 00:00:00,2021-12-31 00:00:00,high,high,,high,medium,medium,,medium,medium,,medium,2023-11-01 00:00:00,2023-11-02 17:00:00,medium
25491225,Ero,NGA,forestry-and-land-use,water-reservoirs,2022-01-01 00:00:00,2022-12-31 00:00:00,high,high,,high,medium,medium,,medium,medium,,medium,2023-11-01 00:00:00,2023-11-02 17:00:00,medium
25491221,Faw Faw,NGA,forestry-and-land-use,water-reservoirs,2015-01-01 00:00:00,2015-12-31 00:00:00,high,high,,high,medium,medium,,medium,medium,,medium,2023-11-01 00:00:00,2023-11-02 17:00:00,medium
25491221,Faw Faw,NGA,forestry-and-land-use,water-reservoirs,2016-01-01 00:00:00,2016-12-31 00:00:00,high,high,,high,medium,medium,,medium,medium,,medium,2023-11-01 00:00:00,2023-11-02 17:00:00,medium
25491221,Faw Faw,NGA,forestry-and-land-use,water-reservoirs,2017-01-01 00:00:00,2017-12-31 00:00:00,high,high,,high,medium,medium,,medium,medium,,medium,2023-11-01 00:00:00,2023-11-02 17:00:00,medium
25491221,Faw Faw,NGA,forestry-and-land-use,water-reservoirs,2018-01-01 00:00:00,2018-12-31 00:00:00,high,high,,high,medium,medium,,medium,medium,,medium,2023-11-01 00:00:00,2023-11-02 17:00:00,medium
25491221,Faw Faw,NGA,forestry-and-land-use,water-reservoirs,2019-01-01 00:00:00,2019-12-31 00:00:00,high,high,,high,medium,medium,,medium,medium,,medium,2023-11-01 00:00:00,2023-11-02 17:00:00,medium
25491221,Faw Faw,NGA,forestry-and-land-use,water-reservoirs,2020-01-01 00:00:00,2020-12-31 00:00:00,high,high,,high,medium,medium,,medium,medium,,medium,2023-11-01 00:00:00,2023-11-02 17:00:00,medium
25491221,Faw Faw,NGA,forestry-and-land-use,water-reservoirs,2021-01-01 00:00:00,2021-12-31 00:00:00,high,high,,high,medium,medium,,medium,medium,,medium,2023-11-01 00:00:00,2023-11-02 17:00:00,medium
25491221,Faw Faw,NGA,forestry-and-land-use,water-reservoirs,2022-01-01 00:00:00,2022-12-31 00:00:00,high,high,,high,medium,medium,,medium,medium,,medium,2023-11-01 00:00:00,2023-11-02 17:00:00,medium
25491184,Gari,NGA,forestry-and-land-use,water-reservoirs,2015-01-01 00:00:00,2015-12-31 00:00:00,high,high,,high,medium,medium,,medium,medium,,medium,2023-11-01 00:00:00,2023-11-02 17:00:00,medium
25491184,Gari,NGA,forestry-and-land-use,water-reservoirs,2016-01-01 00:00:00,2016-12-31 00:00:00,high,high,,high,medium,medium,,medium,medium,,medium,2023-11-01 00:00:00,2023-11-02 17:00:00,medium
25491184,Gari,NGA,forestry-and-land-use,water-reservoirs,2017-01-01 00:00:00,2017-12-31 00:00:00,high,high,,high,medium,medium,,medium,medium,,medium,2023-11-01 00:00:00,2023-11-02 17:00:00,medium
25491184,Gari,NGA,forestry-and-land-use,water-reservoirs,2018-01-01 00:00:00,2018-12-31 00:00:00,high,high,,high,medium,medium,,medium,medium,,medium,2023-11-01 00:00:00,2023-11-02 17:00:00,medium
25491184,Gari,NGA,forestry-and-land-use,water-reservoirs,2019-01-01 00:00:00,2019-12-31 00:00:00,high,high,,high,medium,medium,,medium,medium,,medium,2023-11-01 00:00:00,2023-11-02 17:00:00,medium
25491184,Gari,NGA,forestry-and-land-use,water-reservoirs,2020-01-01 00:00:00,2020-12-31 00:00:00,high,high,,high,medium,medium,,medium,medium,,medium,2023-11-01 00:00:00,2023-11-02 17:00:00,medium
25491184,Gari,NGA,forestry-and-land-use,water-reservoirs,2021-01-01 00:00:00,2021-12-31 00:00:00,high,high,,high,medium,medium,,medium,medium,,medium,2023-11-01 00:00:00,2023-11-02 17:00:00,medium
25491184,Gari,NGA,forestry-and-land-use,water-reservoirs,2022-01-01 00:00:00,2022-12-31 00:00:00,high,high,,high,medium,medium,,medium,medium,,medium,2023-11-01 00:00:00,2023-11-02 17:00:00,medium
25491181,Goronye,NGA,forestry-and-land-use,water-reservoirs,2015-01-01 00:00:00,2015-12-31 00:00:00,medium,medium,,medium,medium,medium,,medium,medium,,medium,2023-11-01 00:00:00,2023-11-02 17:00:00,medium
25491181,Goronye,NGA,forestry-and-land-use,water-reservoirs,2016-01-01 00:00:00,2016-12-31 00:00:00,medium,medium,,medium,medium,medium,,medium,medium,,medium,2023-11-01 00:00:00,2023-11-02 17:00:00,medium
25491181,Goronye,NGA,forestry-and-land-use,water-reservoirs,2017-01-01 00:00:00,2017-12-31 00:00:00,medium,medium,,medium,medium,medium,,medium,medium,,medium,2023-11-01 00:00:00,2023-11-02 17:00:00,medium
25491181,Goronye,NGA,forestry-and-land-use,water-reservoirs,2018-01-01 00:00:00,2018-12-31 00:00:00,medium,medium,,medium,medium,medium,,medium,medium,,medium,2023-11-01 00:00:00,2023-11-02 17:00:00,medium
25491181,Goronye,NGA,forestry-and-land-use,water-reservoirs,2019-01-01 00:00:00,2019-12-31 00:00:00,medium,medium,,medium,medium,medium,,medium,medium,,medium,2023-11-01 00:00:00,2023-11-02 17:00:00,medium
25491181,Goronye,NGA,forestry-and-land-use,water-reservoirs,2020-01-01 00:00:00,2020-12-31 00:00:00,medium,medium,,medium,medium,medium,,medium,medium,,medium,2023-11-01 00:00:00,2023-11-02 17:00:00,medium
25491181,Goronye,NGA,forestry-and-land-use,water-reservoirs,2021-01-01 00:00:00,2021-12-31 00:00:00,medium,medium,,medium,medium,medium,,medium,medium,,medium,2023-11-01 00:00:00,2023-11-02 17:00:00,medium
25491181,Goronye,NGA,forestry-and-land-use,water-reservoirs,2022-01-01 00:00:00,2022-12-31 00:00:00,medium,medium,,medium,medium,medium,,medium,medium,,medium,2023-11-01 00:00:00,2023-11-02 17:00:00,medium
25491192,Guzu Guzu,NGA,forestry-and-land-use,water-reservoirs,2015-01-01 00:00:00,2015-12-31 00:00:00,high,high,,high,medium,medium,,medium,medium,,medium,2023-11-01 00:00:00,2023-11-02 17:00:00,medium
25491192,Guzu Guzu,NGA,forestry-and-land-use,water-reservoirs,2016-01-01 00:00:00,2016-12-31 00:00:00,high,high,,high,medium,medium,,medium,medium,,medium,2023-11-01 00:00:00,2023-11-02 17:00:00,medium
25491192,Guzu Guzu,NGA,forestry-and-land-use,water-reservoirs,2017-01-01 00:00:00,2017-12-31 00:00:00,high,high,,high,medium,medium,,medium,medium,,medium,2023-11-01 00:00:00,2023-11-02 17:00:00,medium
25491192,Guzu Guzu,NGA,forestry-and-land-use,water-reservoirs,2018-01-01 00:00:00,2018-12-31 00:00:00,high,high,,high,medium,medium,,medium,medium,,medium,2023-11-01 00:00:00,2023-11-02 17:00:00,medium
25491192,Guzu Guzu,NGA,forestry-and-land-use,water-reservoirs,2019-01-01 00:00:00,2019-12-31 00:00:00,high,high,,high,medium,medium,,medium,medium,,medium,2023-11-01 00:00:00,2023-11-02 17:00:00,medium
25491192,Guzu Guzu,NGA,forestry-and-land-use,water-reservoirs,2020-01-01 00:00:00,2020-12-31 00:00:00,high,high,,high,medium,medium,,medium,medium,,medium,2023-11-01 00:00:00,2023-11-02 17:00:00,medium
25491192,Guzu Guzu,NGA,forestry-and-land-use,water-reservoirs,2021-01-01 00:00:00,2021-12-31 00:00:00,high,high,,high,medium,medium,,medium,medium,,medium,2023-11-01 00:00:00,2023-11-02 17:00:00,medium
25491192,Guzu Guzu,NGA,forestry-and-land-use,water-reservoirs,2022-01-01 00:00:00,2022-12-31 00:00:00,high,high,,high,medium,medium,,medium,medium,,medium,2023-11-01 00:00:00,2023-11-02 17:00:00,medium
25491218,Jabi,NGA,forestry-and-land-use,water-reservoirs,2015-01-01 00:00:00,2015-12-31 00:00:00,high,high,,high,medium,medium,,medium,medium,,medium,2023-11-01 00:00:00,2023-11-02 17:00:00,medium
25491218,Jabi,NGA,forestry-and-land-use,water-reservoirs,2016-01-01 00:00:00,2016-12-31 00:00:00,high,high,,high,medium,medium,,medium,medium,,medium,2023-11-01 00:00:00,2023-11-02 17:00:00,medium
25491218,Jabi,NGA,forestry-and-land-use,water-reservoirs,2017-01-01 00:00:00,2017-12-31 00:00:00,high,high,,high,medium,medium,,medium,medium,,medium,2023-11-01 00:00:00,2023-11-02 17:00:00,medium
25491218,Jabi,NGA,forestry-and-land-use,water-reservoirs,2018-01-01 00:00:00,2018-12-31 00:00:00,high,high,,high,medium,medium,,medium,medium,,medium,2023-11-01 00:00:00,2023-11-02 17:00:00,medium
25491218,Jabi,NGA,forestry-and-land-use,water-reservoirs,2019-01-01 00:00:00,2019-12-31 00:00:00,high,high,,high,medium,medium,,medium,medium,,medium,2023-11-01 00:00:00,2023-11-02 17:00:00,medium
25491218,Jabi,NGA,forestry-and-land-use,water-reservoirs,2020-01-01 00:00:00,2020-12-31 00:00:00,high,high,,high,medium,medium,,medium,medium,,medium,2023-11-01 00:00:00,2023-11-02 17:00:00,medium
25491218,Jabi,NGA,forestry-and-land-use,water-reservoirs,2021-01-01 00:00:00,2021-12-31 00:00:00,high,high,,high,medium,medium,,medium,medium,,medium,2023-11-01 00:00:00,2023-11-02 17:00:00,medium
25491218,Jabi,NGA,forestry-and-land-use,water-reservoirs,2022-01-01 00:00:00,2022-12-31 00:00:00,high,high,,high,medium,medium,,medium,medium,,medium,2023-11-01 00:00:00,2023-11-02 17:00:00,medium
25491216,Jebra,NGA,forestry-and-land-use,water-reservoirs,2015-01-01 00:00:00,2015-12-31 00:00:00,medium,medium,,medium,medium,medium,,medium,medium,,medium,2023-11-01 00:00:00,2023-11-02 17:00:00,medium
25491216,Jebra,NGA,forestry-and-land-use,water-reservoirs,2016-01-01 00:00:00,2016-12-31 00:00:00,medium,medium,,medium,medium,medium,,medium,medium,,medium,2023-11-01 00:00:00,2023-11-02 17:00:00,medium
25491216,Jebra,NGA,forestry-and-land-use,water-reservoirs,2017-01-01 00:00:00,2017-12-31 00:00:00,medium,medium,,medium,medium,medium,,medium,medium,,medium,2023-11-01 00:00:00,2023-11-02 17:00:00,medium
25491216,Jebra,NGA,forestry-and-land-use,water-reservoirs,2018-01-01 00:00:00,2018-12-31 00:00:00,medium,medium,,medium,medium,medium,,medium,medium,,medium,2023-11-01 00:00:00,2023-11-02 17:00:00,medium
25491216,Jebra,NGA,forestry-and-land-use,water-reservoirs,2019-01-01 00:00:00,2019-12-31 00:00:00,medium,medium,,medium,medium,medium,,medium,medium,,medium,2023-11-01 00:00:00,2023-11-02 17:00:00,medium
25491216,Jebra,NGA,forestry-and-land-use,water-reservoirs,2020-01-01 00:00:00,2020-12-31 00:00:00,medium,medium,,medium,medium,medium,,medium,medium,,medium,2023-11-01 00:00:00,2023-11-02 17:00:00,medium
25491216,Jebra,NGA,forestry-and-land-use,water-reservoirs,2021-01-01 00:00:00,2021-12-31 00:00:00,medium,medium,,medium,medium,medium,,medium,medium,,medium,2023-11-01 00:00:00,2023-11-02 17:00:00,medium
25491216,Jebra,NGA,forestry-and-land-use,water-reservoirs,2022-01-01 00:00:00,2022-12-31 00:00:00,medium,medium,,medium,medium,medium,,medium,medium,,medium,2023-11-01 00:00:00,2023-11-02 17:00:00,medium
25491189,Jekara,NGA,forestry-and-land-use,water-reservoirs,2015-01-01 00:00:00,2015-12-31 00:00:00,medium,medium,,medium,medium,medium,,medium,medium,,medium,2023-11-01 00:00:00,2023-11-02 17:00:00,medium
25491189,Jekara,NGA,forestry-and-land-use,water-reservoirs,2016-01-01 00:00:00,2016-12-31 00:00:00,medium,medium,,medium,medium,medium,,medium,medium,,medium,2023-11-01 00:00:00,2023-11-02 17:00:00,medium
25491189,Jekara,NGA,forestry-and-land-use,water-reservoirs,2017-01-01 00:00:00,2017-12-31 00:00:00,medium,medium,,medium,medium,medium,,medium,medium,,medium,2023-11-01 00:00:00,2023-11-02 17:00:00,medium
25491189,Jekara,NGA,forestry-and-land-use,water-reservoirs,2018-01-01 00:00:00,2018-12-31 00:00:00,medium,medium,,medium,medium,medium,,medium,medium,,medium,2023-11-01 00:00:00,2023-11-02 17:00:00,medium
25491189,Jekara,NGA,forestry-and-land-use,water-reservoirs,2019-01-01 00:00:00,2019-12-31 00:00:00,medium,medium,,medium,medium,medium,,medium,medium,,medium,2023-11-01 00:00:00,2023-11-02 17:00:00,medium
25491189,Jekara,NGA,forestry-and-land-use,water-reservoirs,2020-01-01 00:00:00,2020-12-31 00:00:00,medium,medium,,medium,medium,medium,,medium,medium,,medium,2023-11-01 00:00:00,2023-11-02 17:00:00,medium
25491189,Jekara,NGA,forestry-and-land-use,water-reservoirs,2021-01-01 00:00:00,2021-12-31 00:00:00,medium,medium,,medium,medium,medium,,medium,medium,,medium,2023-11-01 00:00:00,2023-11-02 17:00:00,medium
25491189,Jekara,NGA,forestry-and-land-use,water-reservoirs,2022-01-01 00:00:00,2022-12-31 00:00:00,medium,medium,,medium,medium,medium,,medium,medium,,medium,2023-11-01 00:00:00,2023-11-02 17:00:00,medium
25491182,Jibiya,NGA,forestry-and-land-use,water-reservoirs,2015-01-01 00:00:00,2015-12-31 00:00:00,medium,medium,,medium,medium,medium,,medium,medium,,medium,2023-11-01 00:00:00,2023-11-02 17:00:00,medium
25491182,Jibiya,NGA,forestry-and-land-use,water-reservoirs,2016-01-01 00:00:00,2016-12-31 00:00:00,medium,medium,,medium,medium,medium,,medium,medium,,medium,2023-11-01 00:00:00,2023-11-02 17:00:00,medium
25491182,Jibiya,NGA,forestry-and-land-use,water-reservoirs,2017-01-01 00:00:00,2017-12-31 00:00:00,medium,medium,,medium,medium,medium,,medium,medium,,medium,2023-11-01 00:00:00,2023-11-02 17:00:00,medium
25491182,Jibiya,NGA,forestry-and-land-use,water-reservoirs,2018-01-01 00:00:00,2018-12-31 00:00:00,medium,medium,,medium,medium,medium,,medium,medium,,medium,2023-11-01 00:00:00,2023-11-02 17:00:00,medium
25491182,Jibiya,NGA,forestry-and-land-use,water-reservoirs,2019-01-01 00:00:00,2019-12-31 00:00:00,medium,medium,,medium,medium,medium,,medium,medium,,medium,2023-11-01 00:00:00,2023-11-02 17:00:00,medium
25491182,Jibiya,NGA,forestry-and-land-use,water-reservoirs,2020-01-01 00:00:00,2020-12-31 00:00:00,medium,medium,,medium,medium,medium,,medium,medium,,medium,2023-11-01 00:00:00,2023-11-02 17:00:00,medium
25491182,Jibiya,NGA,forestry-and-land-use,water-reservoirs,2021-01-01 00:00:00,2021-12-31 00:00:00,medium,medium,,medium,medium,medium,,medium,medium,,medium,2023-11-01 00:00:00,2023-11-02 17:00:00,medium
25491182,Jibiya,NGA,forestry-and-land-use,water-reservoirs,2022-01-01 00:00:00,2022-12-31 00:00:00,medium,medium,,medium,medium,medium,,medium,medium,,medium,2023-11-01 00:00:00,2023-11-02 17:00:00,medium
25491198,Kafin Chiri,NGA,forestry-and-land-use,water-reservoirs,2015-01-01 00:00:00,2015-12-31 00:00:00,high,high,,high,medium,medium,,medium,medium,,medium,2023-11-01 00:00:00,2023-11-02 17:00:00,medium
25491198,Kafin Chiri,NGA,forestry-and-land-use,water-reservoirs,2016-01-01 00:00:00,2016-12-31 00:00:00,high,high,,high,medium,medium,,medium,medium,,medium,2023-11-01 00:00:00,2023-11-02 17:00:00,medium
25491198,Kafin Chiri,NGA,forestry-and-land-use,water-reservoirs,2017-01-01 00:00:00,2017-12-31 00:00:00,high,high,,high,medium,medium,,medium,medium,,medium,2023-11-01 00:00:00,2023-11-02 17:00:00,medium
25491198,Kafin Chiri,NGA,forestry-and-land-use,water-reservoirs,2018-01-01 00:00:00,2018-12-31 00:00:00,high,high,,high,medium,medium,,medium,medium,,medium,2023-11-01 00:00:00,2023-11-02 17:00:00,medium
25491198,Kafin Chiri,NGA,forestry-and-land-use,water-reservoirs,2019-01-01 00:00:00,2019-12-31 00:00:00,high,high,,high,medium,medium,,medium,medium,,medium,2023-11-01 00:00:00,2023-11-02 17:00:00,medium
25491198,Kafin Chiri,NGA,forestry-and-land-use,water-reservoirs,2020-01-01 00:00:00,2020-12-31 00:00:00,high,high,,high,medium,medium,,medium,medium,,medium,2023-11-01 00:00:00,2023-11-02 17:00:00,medium
25491198,Kafin Chiri,NGA,forestry-and-land-use,water-reservoirs,2021-01-01 00:00:00,2021-12-31 00:00:00,high,high,,high,medium,medium,,medium,medium,,medium,2023-11-01 00:00:00,2023-11-02 17:00:00,medium
25491198,Kafin Chiri,NGA,forestry-and-land-use,water-reservoirs,2022-01-01 00:00:00,2022-12-31 00:00:00,high,high,,high,medium,medium,,medium,medium,,medium,2023-11-01 00:00:00,2023-11-02 17:00:00,medium
25491211,Kainji,NGA,forestry-and-land-use,water-reservoirs,2015-01-01 00:00:00,2015-12-31 00:00:00,medium,medium,,medium,medium,medium,,medium,medium,,medium,2023-11-01 00:00:00,2023-11-02 17:00:00,medium
25491211,Kainji,NGA,forestry-and-land-use,water-reservoirs,2016-01-01 00:00:00,2016-12-31 00:00:00,medium,medium,,medium,medium,medium,,medium,medium,,medium,2023-11-01 00:00:00,2023-11-02 17:00:00,medium
25491211,Kainji,NGA,forestry-and-land-use,water-reservoirs,2017-01-01 00:00:00,2017-12-31 00:00:00,medium,medium,,medium,medium,medium,,medium,medium,,medium,2023-11-01 00:00:00,2023-11-02 17:00:00,medium
25491211,Kainji,NGA,forestry-and-land-use,water-reservoirs,2018-01-01 00:00:00,2018-12-31 00:00:00,medium,medium,,medium,medium,medium,,medium,medium,,medium,2023-11-01 00:00:00,2023-11-02 17:00:00,medium
25491211,Kainji,NGA,forestry-and-land-use,water-reservoirs,2019-01-01 00:00:00,2019-12-31 00:00:00,medium,medium,,medium,medium,medium,,medium,medium,,medium,2023-11-01 00:00:00,2023-11-02 17:00:00,medium
25491211,Kainji,NGA,forestry-and-land-use,water-reservoirs,2020-01-01 00:00:00,2020-12-31 00:00:00,medium,medium,,medium,medium,medium,,medium,medium,,medium,2023-11-01 00:00:00,2023-11-02 17:00:00,medium
25491211,Kainji,NGA,forestry-and-land-use,water-reservoirs,2021-01-01 00:00:00,2021-12-31 00:00:00,medium,medium,,medium,medium,medium,,medium,medium,,medium,2023-11-01 00:00:00,2023-11-02 17:00:00,medium
25491211,Kainji,NGA,forestry-and-land-use,water-reservoirs,2022-01-01 00:00:00,2022-12-31 00:00:00,medium,medium,,medium,medium,medium,,medium,medium,,medium,2023-11-01 00:00:00,2023-11-02 17:00:00,medium
25491205,Kangimi,NGA,forestry-and-land-use,water-reservoirs,2015-01-01 00:00:00,2015-12-31 00:00:00,high,high,,high,medium,medium,,medium,medium,,medium,2023-11-01 00:00:00,2023-11-02 17:00:00,medium
25491205,Kangimi,NGA,forestry-and-land-use,water-reservoirs,2016-01-01 00:00:00,2016-12-31 00:00:00,high,high,,high,medium,medium,,medium,medium,,medium,2023-11-01 00:00:00,2023-11-02 17:00:00,medium
25491205,Kangimi,NGA,forestry-and-land-use,water-reservoirs,2017-01-01 00:00:00,2017-12-31 00:00:00,high,high,,high,medium,medium,,medium,medium,,medium,2023-11-01 00:00:00,2023-11-02 17:00:00,medium
25491205,Kangimi,NGA,forestry-and-land-use,water-reservoirs,2018-01-01 00:00:00,2018-12-31 00:00:00,high,high,,high,medium,medium,,medium,medium,,medium,2023-11-01 00:00:00,2023-11-02 17:00:00,medium
25491205,Kangimi,NGA,forestry-and-land-use,water-reservoirs,2019-01-01 00:00:00,2019-12-31 00:00:00,high,high,,high,medium,medium,,medium,medium,,medium,2023-11-01 00:00:00,2023-11-02 17:00:00,medium
25491205,Kangimi,NGA,forestry-and-land-use,water-reservoirs,2020-01-01 00:00:00,2020-12-31 00:00:00,high,high,,high,medium,medium,,medium,medium,,medium,2023-11-01 00:00:00,2023-11-02 17:00:00,medium
25491205,Kangimi,NGA,forestry-and-land-use,water-reservoirs,2021-01-01 00:00:00,2021-12-31 00:00:00,high,high,,high,medium,medium,,medium,medium,,medium,2023-11-01 00:00:00,2023-11-02 17:00:00,medium
25491205,Kangimi,NGA,forestry-and-land-use,water-reservoirs,2022-01-01 00:00:00,2022-12-31 00:00:00,high,high,,high,medium,medium,,medium,medium,,medium,2023-11-01 00:00:00,2023-11-02 17:00:00,medium
25491196,Karaye,NGA,forestry-and-land-use,water-reservoirs,2015-01-01 00:00:00,2015-12-31 00:00:00,high,high,,high,medium,medium,,medium,medium,,medium,2023-11-01 00:00:00,2023-11-02 17:00:00,medium
25491196,Karaye,NGA,forestry-and-land-use,water-reservoirs,2016-01-01 00:00:00,2016-12-31 00:00:00,high,high,,high,medium,medium,,medium,medium,,medium,2023-11-01 00:00:00,2023-11-02 17:00:00,medium
25491196,Karaye,NGA,forestry-and-land-use,water-reservoirs,2017-01-01 00:00:00,2017-12-31 00:00:00,high,high,,high,medium,medium,,medium,medium,,medium,2023-11-01 00:00:00,2023-11-02 17:00:00,medium
25491196,Karaye,NGA,forestry-and-land-use,water-reservoirs,2018-01-01 00:00:00,2018-12-31 00:00:00,high,high,,high,medium,medium,,medium,medium,,medium,2023-11-01 00:00:00,2023-11-02 17:00:00,medium
25491196,Karaye,NGA,forestry-and-land-use,water-reservoirs,2019-01-01 00:00:00,2019-12-31 00:00:00,high,high,,high,medium,medium,,medium,medium,,medium,2023-11-01 00:00:00,2023-11-02 17:00:00,medium
25491196,Karaye,NGA,forestry-and-land-use,water-reservoirs,2020-01-01 00:00:00,2020-12-31 00:00:00,high,high,,high,medium,medium,,medium,medium,,medium,2023-11-01 00:00:00,2023-11-02 17:00:00,medium
25491196,Karaye,NGA,forestry-and-land-use,water-reservoirs,2021-01-01 00:00:00,2021-12-31 00:00:00,high,high,,high,medium,medium,,medium,medium,,medium,2023-11-01 00:00:00,2023-11-02 17:00:00,medium
25491196,Karaye,NGA,forestry-and-land-use,water-reservoirs,2022-01-01 00:00:00,2022-12-31 00:00:00,high,high,,high,medium,medium,,medium,medium,,medium,2023-11-01 00:00:00,2023-11-02 17:00:00,medium
25491213,Kiri,NGA,forestry-and-land-use,water-reservoirs,2015-01-01 00:00:00,2015-12-31 00:00:00,medium,medium,,medium,medium,medium,,medium,medium,,medium,2023-11-01 00:00:00,2023-11-02 17:00:00,medium
25491213,Kiri,NGA,forestry-and-land-use,water-reservoirs,2016-01-01 00:00:00,2016-12-31 00:00:00,medium,medium,,medium,medium,medium,,medium,medium,,medium,2023-11-01 00:00:00,2023-11-02 17:00:00,medium
25491213,Kiri,NGA,forestry-and-land-use,water-reservoirs,2017-01-01 00:00:00,2017-12-31 00:00:00,medium,medium,,medium,medium,medium,,medium,medium,,medium,2023-11-01 00:00:00,2023-11-02 17:00:00,medium
25491213,Kiri,NGA,forestry-and-land-use,water-reservoirs,2018-01-01 00:00:00,2018-12-31 00:00:00,medium,medium,,medium,medium,medium,,medium,medium,,medium,2023-11-01 00:00:00,2023-11-02 17:00:00,medium
25491213,Kiri,NGA,forestry-and-land-use,water-reservoirs,2019-01-01 00:00:00,2019-12-31 00:00:00,medium,medium,,medium,medium,medium,,medium,medium,,medium,2023-11-01 00:00:00,2023-11-02 17:00:00,medium
25491213,Kiri,NGA,forestry-and-land-use,water-reservoirs,2020-01-01 00:00:00,2020-12-31 00:00:00,medium,medium,,medium,medium,medium,,medium,medium,,medium,2023-11-01 00:00:00,2023-11-02 17:00:00,medium
25491213,Kiri,NGA,forestry-and-land-use,water-reservoirs,2021-01-01 00:00:00,2021-12-31 00:00:00,medium,medium,,medium,medium,medium,,medium,medium,,medium,2023-11-01 00:00:00,2023-11-02 17:00:00,medium
25491213,Kiri,NGA,forestry-and-land-use,water-reservoirs,2022-01-01 00:00:00,2022-12-31 00:00:00,medium,medium,,medium,medium,medium,,medium,medium,,medium,2023-11-01 00:00:00,2023-11-02 17:00:00,medium
25491206,Kubli,NGA,forestry-and-land-use,water-reservoirs,2015-01-01 00:00:00,2015-12-31 00:00:00,low,low,,low,medium,medium,,low,low,,low,2023-11-01 00:00:00,2023-11-02 17:00:00,low
25491206,Kubli,NGA,forestry-and-land-use,water-reservoirs,2016-01-01 00:00:00,2016-12-31 00:00:00,low,low,,low,medium,medium,,low,low,,low,2023-11-01 00:00:00,2023-11-02 17:00:00,low
25491206,Kubli,NGA,forestry-and-land-use,water-reservoirs,2017-01-01 00:00:00,2017-12-31 00:00:00,low,low,,low,medium,medium,,low,low,,low,2023-11-01 00:00:00,2023-11-02 17:00:00,low
25491206,Kubli,NGA,forestry-and-land-use,water-reservoirs,2018-01-01 00:00:00,2018-12-31 00:00:00,low,low,,low,medium,medium,,low,low,,low,2023-11-01 00:00:00,2023-11-02 17:00:00,low
25491206,Kubli,NGA,forestry-and-land-use,water-reservoirs,2019-01-01 00:00:00,2019-12-31 00:00:00,low,low,,low,medium,medium,,low,low,,low,2023-11-01 00:00:00,2023-11-02 17:00:00,low
25491206,Kubli,NGA,forestry-and-land-use,water-reservoirs,2020-01-01 00:00:00,2020-12-31 00:00:00,low,low,,low,medium,medium,,low,low,,low,2023-11-01 00:00:00,2023-11-02 17:00:00,low
25491206,Kubli,NGA,forestry-and-land-use,water-reservoirs,2021-01-01 00:00:00,2021-12-31 00:00:00,low,low,,low,medium,medium,,low,low,,low,2023-11-01 00:00:00,2023-11-02 17:00:00,low
25491206,Kubli,NGA,forestry-and-land-use,water-reservoirs,2022-01-01 00:00:00,2022-12-31 00:00:00,low,low,,low,medium,medium,,low,low,,low,2023-11-01 00:00:00,2023-11-02 17:00:00,low
25491217,Lantang,NGA,forestry-and-land-use,water-reservoirs,2015-01-01 00:00:00,2015-12-31 00:00:00,medium,medium,,medium,medium,medium,,medium,medium,,medium,2023-11-01 00:00:00,2023-11-02 17:00:00,medium
25491217,Lantang,NGA,forestry-and-land-use,water-reservoirs,2016-01-01 00:00:00,2016-12-31 00:00:00,medium,medium,,medium,medium,medium,,medium,medium,,medium,2023-11-01 00:00:00,2023-11-02 17:00:00,medium
25491217,Lantang,NGA,forestry-and-land-use,water-reservoirs,2017-01-01 00:00:00,2017-12-31 00:00:00,medium,medium,,medium,medium,medium,,medium,medium,,medium,2023-11-01 00:00:00,2023-11-02 17:00:00,medium
25491217,Lantang,NGA,forestry-and-land-use,water-reservoirs,2018-01-01 00:00:00,2018-12-31 00:00:00,medium,medium,,medium,medium,medium,,medium,medium,,medium,2023-11-01 00:00:00,2023-11-02 17:00:00,medium
25491217,Lantang,NGA,forestry-and-land-use,water-reservoirs,2019-01-01 00:00:00,2019-12-31 00:00:00,medium,medium,,medium,medium,medium,,medium,medium,,medium,2023-11-01 00:00:00,2023-11-02 17:00:00,medium
25491217,Lantang,NGA,forestry-and-land-use,water-reservoirs,2020-01-01 00:00:00,2020-12-31 00:00:00,medium,medium,,medium,medium,medium,,medium,medium,,medium,2023-11-01 00:00:00,2023-11-02 17:00:00,medium
25491217,Lantang,NGA,forestry-and-land-use,water-reservoirs,2021-01-01 00:00:00,2021-12-31 00:00:00,medium,medium,,medium,medium,medium,,medium,medium,,medium,2023-11-01 00:00:00,2023-11-02 17:00:00,medium
25491217,Lantang,NGA,forestry-and-land-use,water-reservoirs,2022-01-01 00:00:00,2022-12-31 00:00:00,medium,medium,,medium,medium,medium,,medium,medium,,medium,2023-11-01 00:00:00,2023-11-02 17:00:00,medium
25491193,Magaga,NGA,forestry-and-land-use,water-reservoirs,2015-01-01 00:00:00,2015-12-31 00:00:00,high,high,,high,medium,medium,,medium,medium,,medium,2023-11-01 00:00:00,2023-11-02 17:00:00,medium
25491193,Magaga,NGA,forestry-and-land-use,water-reservoirs,2016-01-01 00:00:00,2016-12-31 00:00:00,high,high,,high,medium,medium,,medium,medium,,medium,2023-11-01 00:00:00,2023-11-02 17:00:00,medium
25491193,Magaga,NGA,forestry-and-land-use,water-reservoirs,2017-01-01 00:00:00,2017-12-31 00:00:00,high,high,,high,medium,medium,,medium,medium,,medium,2023-11-01 00:00:00,2023-11-02 17:00:00,medium
25491193,Magaga,NGA,forestry-and-land-use,water-reservoirs,2018-01-01 00:00:00,2018-12-31 00:00:00,high,high,,high,medium,medium,,medium,medium,,medium,2023-11-01 00:00:00,2023-11-02 17:00:00,medium
25491193,Magaga,NGA,forestry-and-land-use,water-reservoirs,2019-01-01 00:00:00,2019-12-31 00:00:00,high,high,,high,medium,medium,,medium,medium,,medium,2023-11-01 00:00:00,2023-11-02 17:00:00,medium
25491193,Magaga,NGA,forestry-and-land-use,water-reservoirs,2020-01-01 00:00:00,2020-12-31 00:00:00,high,high,,high,medium,medium,,medium,medium,,medium,2023-11-01 00:00:00,2023-11-02 17:00:00,medium
25491193,Magaga,NGA,forestry-and-land-use,water-reservoirs,2021-01-01 00:00:00,2021-12-31 00:00:00,high,high,,high,medium,medium,,medium,medium,,medium,2023-11-01 00:00:00,2023-11-02 17:00:00,medium
25491193,Magaga,NGA,forestry-and-land-use,water-reservoirs,2022-01-01 00:00:00,2022-12-31 00:00:00,high,high,,high,medium,medium,,medium,medium,,medium,2023-11-01 00:00:00,2023-11-02 17:00:00,medium
25491194,Marashi,NGA,forestry-and-land-use,water-reservoirs,2015-01-01 00:00:00,2015-12-31 00:00:00,low,low,,low,medium,medium,,low,low,,low,2023-11-01 00:00:00,2023-11-02 17:00:00,low
25491194,Marashi,NGA,forestry-and-land-use,water-reservoirs,2016-01-01 00:00:00,2016-12-31 00:00:00,low,low,,low,medium,medium,,low,low,,low,2023-11-01 00:00:00,2023-11-02 17:00:00,low
25491194,Marashi,NGA,forestry-and-land-use,water-reservoirs,2017-01-01 00:00:00,2017-12-31 00:00:00,low,low,,low,medium,medium,,low,low,,low,2023-11-01 00:00:00,2023-11-02 17:00:00,low
25491194,Marashi,NGA,forestry-and-land-use,water-reservoirs,2018-01-01 00:00:00,2018-12-31 00:00:00,low,low,,low,medium,medium,,low,low,,low,2023-11-01 00:00:00,2023-11-02 17:00:00,low
25491194,Marashi,NGA,forestry-and-land-use,water-reservoirs,2019-01-01 00:00:00,2019-12-31 00:00:00,low,low,,low,medium,medium,,low,low,,low,2023-11-01 00:00:00,2023-11-02 17:00:00,low
25491194,Marashi,NGA,forestry-and-land-use,water-reservoirs,2020-01-01 00:00:00,2020-12-31 00:00:00,low,low,,low,medium,medium,,low,low,,low,2023-11-01 00:00:00,2023-11-02 17:00:00,low
25491194,Marashi,NGA,forestry-and-land-use,water-reservoirs,2021-01-01 00:00:00,2021-12-31 00:00:00,low,low,,low,medium,medium,,low,low,,low,2023-11-01 00:00:00,2023-11-02 17:00:00,low
25491194,Marashi,NGA,forestry-and-land-use,water-reservoirs,2022-01-01 00:00:00,2022-12-31 00:00:00,low,low,,low,medium,medium,,low,low,,low,2023-11-01 00:00:00,2023-11-02 17:00:00,low
25491223,Oba,NGA,forestry-and-land-use,water-reservoirs,2015-01-01 00:00:00,2015-12-31 00:00:00,high,high,,high,medium,medium,,medium,medium,,medium,2023-11-01 00:00:00,2023-11-02 17:00:00,medium
25491223,Oba,NGA,forestry-and-land-use,water-reservoirs,2016-01-01 00:00:00,2016-12-31 00:00:00,high,high,,high,medium,medium,,medium,medium,,medium,2023-11-01 00:00:00,2023-11-02 17:00:00,medium
25491223,Oba,NGA,forestry-and-land-use,water-reservoirs,2017-01-01 00:00:00,2017-12-31 00:00:00,high,high,,high,medium,medium,,medium,medium,,medium,2023-11-01 00:00:00,2023-11-02 17:00:00,medium
25491223,Oba,NGA,forestry-and-land-use,water-reservoirs,2018-01-01 00:00:00,2018-12-31 00:00:00,high,high,,high,medium,medium,,medium,medium,,medium,2023-11-01 00:00:00,2023-11-02 17:00:00,medium
25491223,Oba,NGA,forestry-and-land-use,water-reservoirs,2019-01-01 00:00:00,2019-12-31 00:00:00,high,high,,high,medium,medium,,medium,medium,,medium,2023-11-01 00:00:00,2023-11-02 17:00:00,medium
25491223,Oba,NGA,forestry-and-land-use,water-reservoirs,2020-01-01 00:00:00,2020-12-31 00:00:00,high,high,,high,medium,medium,,medium,medium,,medium,2023-11-01 00:00:00,2023-11-02 17:00:00,medium
25491223,Oba,NGA,forestry-and-land-use,water-reservoirs,2021-01-01 00:00:00,2021-12-31 00:00:00,high,high,,high,medium,medium,,medium,medium,,medium,2023-11-01 00:00:00,2023-11-02 17:00:00,medium
25491223,Oba,NGA,forestry-and-land-use,water-reservoirs,2022-01-01 00:00:00,2022-12-31 00:00:00,high,high,,high,medium,medium,,medium,medium,,medium,2023-11-01 00:00:00,2023-11-02 17:00:00,medium
25491230,Oyan,NGA,forestry-and-land-use,water-reservoirs,2015-01-01 00:00:00,2015-12-31 00:00:00,medium,medium,,medium,medium,medium,,medium,medium,,medium,2023-11-01 00:00:00,2023-11-02 17:00:00,medium
25491230,Oyan,NGA,forestry-and-land-use,water-reservoirs,2016-01-01 00:00:00,2016-12-31 00:00:00,medium,medium,,medium,medium,medium,,medium,medium,,medium,2023-11-01 00:00:00,2023-11-02 17:00:00,medium
25491230,Oyan,NGA,forestry-and-land-use,water-reservoirs,2017-01-01 00:00:00,2017-12-31 00:00:00,medium,medium,,medium,medium,medium,,medium,medium,,medium,2023-11-01 00:00:00,2023-11-02 17:00:00,medium
25491230,Oyan,NGA,forestry-and-land-use,water-reservoirs,2018-01-01 00:00:00,2018-12-31 00:00:00,medium,medium,,medium,medium,medium,,medium,medium,,medium,2023-11-01 00:00:00,2023-11-02 17:00:00,medium
25491230,Oyan,NGA,forestry-and-land-use,water-reservoirs,2019-01-01 00:00:00,2019-12-31 00:00:00,medium,medium,,medium,medium,medium,,medium,medium,,medium,2023-11-01 00:00:00,2023-11-02 17:00:00,medium
25491230,Oyan,NGA,forestry-and-land-use,water-reservoirs,2020-01-01 00:00:00,2020-12-31 00:00:00,medium,medium,,medium,medium,medium,,medium,medium,,medium,2023-11-01 00:00:00,2023-11-02 17:00:00,medium
25491230,Oyan,NGA,forestry-and-land-use,water-reservoirs,2021-01-01 00:00:00,2021-12-31 00:00:00,medium,medium,,medium,medium,medium,,medium,medium,,medium,2023-11-01 00:00:00,2023-11-02 17:00:00,medium
25491230,Oyan,NGA,forestry-and-land-use,water-reservoirs,2022-01-01 00:00:00,2022-12-31 00:00:00,medium,medium,,medium,medium,medium,,medium,medium,,medium,2023-11-01 00:00:00,2023-11-02 17:00:00,medium
25491195,Pada,NGA,forestry-and-land-use,water-reservoirs,2015-01-01 00:00:00,2015-12-31 00:00:00,high,high,,high,medium,medium,,medium,medium,,medium,2023-11-01 00:00:00,2023-11-02 17:00:00,medium
25491195,Pada,NGA,forestry-and-land-use,water-reservoirs,2016-01-01 00:00:00,2016-12-31 00:00:00,high,high,,high,medium,medium,,medium,medium,,medium,2023-11-01 00:00:00,2023-11-02 17:00:00,medium
25491195,Pada,NGA,forestry-and-land-use,water-reservoirs,2017-01-01 00:00:00,2017-12-31 00:00:00,high,high,,high,medium,medium,,medium,medium,,medium,2023-11-01 00:00:00,2023-11-02 17:00:00,medium
25491195,Pada,NGA,forestry-and-land-use,water-reservoirs,2018-01-01 00:00:00,2018-12-31 00:00:00,high,high,,high,medium,medium,,medium,medium,,medium,2023-11-01 00:00:00,2023-11-02 17:00:00,medium
25491195,Pada,NGA,forestry-and-land-use,water-reservoirs,2019-01-01 00:00:00,2019-12-31 00:00:00,high,high,,high,medium,medium,,medium,medium,,medium,2023-11-01 00:00:00,2023-11-02 17:00:00,medium
25491195,Pada,NGA,forestry-and-land-use,water-reservoirs,2020-01-01 00:00:00,2020-12-31 00:00:00,high,high,,high,medium,medium,,medium,medium,,medium,2023-11-01 00:00:00,2023-11-02 17:00:00,medium
25491195,Pada,NGA,forestry-and-land-use,water-reservoirs,2021-01-01 00:00:00,2021-12-31 00:00:00,high,high,,high,medium,medium,,medium,medium,,medium,2023-11-01 00:00:00,2023-11-02 17:00:00,medium
25491195,Pada,NGA,forestry-and-land-use,water-reservoirs,2022-01-01 00:00:00,2022-12-31 00:00:00,high,high,,high,medium,medium,,medium,medium,,medium,2023-11-01 00:00:00,2023-11-02 17:00:00,medium
25491200,Ruwan Kanya,NGA,forestry-and-land-use,water-reservoirs,2015-01-01 00:00:00,2015-12-31 00:00:00,high,high,,high,medium,medium,,medium,medium,,medium,2023-11-01 00:00:00,2023-11-02 17:00:00,medium
25491200,Ruwan Kanya,NGA,forestry-and-land-use,water-reservoirs,2016-01-01 00:00:00,2016-12-31 00:00:00,high,high,,high,medium,medium,,medium,medium,,medium,2023-11-01 00:00:00,2023-11-02 17:00:00,medium
25491200,Ruwan Kanya,NGA,forestry-and-land-use,water-reservoirs,2017-01-01 00:00:00,2017-12-31 00:00:00,high,high,,high,medium,medium,,medium,medium,,medium,2023-11-01 00:00:00,2023-11-02 17:00:00,medium
25491200,Ruwan Kanya,NGA,forestry-and-land-use,water-reservoirs,2018-01-01 00:00:00,2018-12-31 00:00:00,high,high,,high,medium,medium,,medium,medium,,medium,2023-11-01 00:00:00,2023-11-02 17:00:00,medium
25491200,Ruwan Kanya,NGA,forestry-and-land-use,water-reservoirs,2019-01-01 00:00:00,2019-12-31 00:00:00,high,high,,high,medium,medium,,medium,medium,,medium,2023-11-01 00:00:00,2023-11-02 17:00:00,medium
25491200,Ruwan Kanya,NGA,forestry-and-land-use,water-reservoirs,2020-01-01 00:00:00,2020-12-31 00:00:00,high,high,,high,medium,medium,,medium,medium,,medium,2023-11-01 00:00:00,2023-11-02 17:00:00,medium
25491200,Ruwan Kanya,NGA,forestry-and-land-use,water-reservoirs,2021-01-01 00:00:00,2021-12-31 00:00:00,high,high,,high,medium,medium,,medium,medium,,medium,2023-11-01 00:00:00,2023-11-02 17:00:00,medium
25491200,Ruwan Kanya,NGA,forestry-and-land-use,water-reservoirs,2022-01-01 00:00:00,2022-12-31 00:00:00,high,high,,high,medium,medium,,medium,medium,,medium,2023-11-01 00:00:00,2023-11-02 17:00:00,medium
25491220,Shen,NGA,forestry-and-land-use,water-reservoirs,2015-01-01 00:00:00,2015-12-31 00:00:00,medium,medium,,medium,medium,medium,,medium,medium,,medium,2023-11-01 00:00:00,2023-11-02 17:00:00,medium
25491220,Shen,NGA,forestry-and-land-use,water-reservoirs,2016-01-01 00:00:00,2016-12-31 00:00:00,medium,medium,,medium,medium,medium,,medium,medium,,medium,2023-11-01 00:00:00,2023-11-02 17:00:00,medium
25491220,Shen,NGA,forestry-and-land-use,water-reservoirs,2017-01-01 00:00:00,2017-12-31 00:00:00,medium,medium,,medium,medium,medium,,medium,medium,,medium,2023-11-01 00:00:00,2023-11-02 17:00:00,medium
25491220,Shen,NGA,forestry-and-land-use,water-reservoirs,2018-01-01 00:00:00,2018-12-31 00:00:00,medium,medium,,medium,medium,medium,,medium,medium,,medium,2023-11-01 00:00:00,2023-11-02 17:00:00,medium
25491220,Shen,NGA,forestry-and-land-use,water-reservoirs,2019-01-01 00:00:00,2019-12-31 00:00:00,medium,medium,,medium,medium,medium,,medium,medium,,medium,2023-11-01 00:00:00,2023-11-02 17:00:00,medium
25491220,Shen,NGA,forestry-and-land-use,water-reservoirs,2020-01-01 00:00:00,2020-12-31 00:00:00,medium,medium,,medium,medium,medium,,medium,medium,,medium,2023-11-01 00:00:00,2023-11-02 17:00:00,medium
25491220,Shen,NGA,forestry-and-land-use,water-reservoirs,2021-01-01 00:00:00,2021-12-31 00:00:00,medium,medium,,medium,medium,medium,,medium,medium,,medium,2023-11-01 00:00:00,2023-11-02 17:00:00,medium
25491220,Shen,NGA,forestry-and-land-use,water-reservoirs,2022-01-01 00:00:00,2022-12-31 00:00:00,medium,medium,,medium,medium,medium,,medium,medium,,medium,2023-11-01 00:00:00,2023-11-02 17:00:00,medium
25491209,Shiroro,NGA,forestry-and-land-use,water-reservoirs,2015-01-01 00:00:00,2015-12-31 00:00:00,medium,medium,,medium,medium,medium,,medium,medium,,medium,2023-11-01 00:00:00,2023-11-02 17:00:00,medium
25491209,Shiroro,NGA,forestry-and-land-use,water-reservoirs,2016-01-01 00:00:00,2016-12-31 00:00:00,medium,medium,,medium,medium,medium,,medium,medium,,medium,2023-11-01 00:00:00,2023-11-02 17:00:00,medium
25491209,Shiroro,NGA,forestry-and-land-use,water-reservoirs,2017-01-01 00:00:00,2017-12-31 00:00:00,medium,medium,,medium,medium,medium,,medium,medium,,medium,2023-11-01 00:00:00,2023-11-02 17:00:00,medium
25491209,Shiroro,NGA,forestry-and-land-use,water-reservoirs,2018-01-01 00:00:00,2018-12-31 00:00:00,medium,medium,,medium,medium,medium,,medium,medium,,medium,2023-11-01 00:00:00,2023-11-02 17:00:00,medium
25491209,Shiroro,NGA,forestry-and-land-use,water-reservoirs,2019-01-01 00:00:00,2019-12-31 00:00:00,medium,medium,,medium,medium,medium,,medium,medium,,medium,2023-11-01 00:00:00,2023-11-02 17:00:00,medium
25491209,Shiroro,NGA,forestry-and-land-use,water-reservoirs,2020-01-01 00:00:00,2020-12-31 00:00:00,medium,medium,,medium,medium,medium,,medium,medium,,medium,2023-11-01 00:00:00,2023-11-02 17:00:00,medium
25491209,Shiroro,NGA,forestry-and-land-use,water-reservoirs,2021-01-01 00:00:00,2021-12-31 00:00:00,medium,medium,,medium,medium,medium,,medium,medium,,medium,2023-11-01 00:00:00,2023-11-02 17:00:00,medium
25491209,Shiroro,NGA,forestry-and-land-use,water-reservoirs,2022-01-01 00:00:00,2022-12-31 00:00:00,medium,medium,,medium,medium,medium,,medium,medium,,medium,2023-11-01 00:00:00,2023-11-02 17:00:00,medium
25491207,Swashi,NGA,forestry-and-land-use,water-reservoirs,2015-01-01 00:00:00,2015-12-31 00:00:00,medium,medium,,medium,medium,medium,,medium,medium,,medium,2023-11-01 00:00:00,2023-11-02 17:00:00,medium
25491207,Swashi,NGA,forestry-and-land-use,water-reservoirs,2016-01-01 00:00:00,2016-12-31 00:00:00,medium,medium,,medium,medium,medium,,medium,medium,,medium,2023-11-01 00:00:00,2023-11-02 17:00:00,medium
25491207,Swashi,NGA,forestry-and-land-use,water-reservoirs,2017-01-01 00:00:00,2017-12-31 00:00:00,medium,medium,,medium,medium,medium,,medium,medium,,medium,2023-11-01 00:00:00,2023-11-02 17:00:00,medium
25491207,Swashi,NGA,forestry-and-land-use,water-reservoirs,2018-01-01 00:00:00,2018-12-31 00:00:00,medium,medium,,medium,medium,medium,,medium,medium,,medium,2023-11-01 00:00:00,2023-11-02 17:00:00,medium
25491207,Swashi,NGA,forestry-and-land-use,water-reservoirs,2019-01-01 00:00:00,2019-12-31 00:00:00,medium,medium,,medium,medium,medium,,medium,medium,,medium,2023-11-01 00:00:00,2023-11-02 17:00:00,medium
25491207,Swashi,NGA,forestry-and-land-use,water-reservoirs,2020-01-01 00:00:00,2020-12-31 00:00:00,medium,medium,,medium,medium,medium,,medium,medium,,medium,2023-11-01 00:00:00,2023-11-02 17:00:00,medium
25491207,Swashi,NGA,forestry-and-land-use,water-reservoirs,2021-01-01 00:00:00,2021-12-31 00:00:00,medium,medium,,medium,medium,medium,,medium,medium,,medium,2023-11-01 00:00:00,2023-11-02 17:00:00,medium
25491207,Swashi,NGA,forestry-and-land-use,water-reservoirs,2022-01-01 00:00:00,2022-12-31 00:00:00,medium,medium,,medium,medium,medium,,medium,medium,,medium,2023-11-01 00:00:00,2023-11-02 17:00:00,medium
25491214,Tagwai,NGA,forestry-and-land-use,water-reservoirs,2015-01-01 00:00:00,2015-12-31 00:00:00,high,high,,high,medium,medium,,medium,medium,,medium,2023-11-01 00:00:00,2023-11-02 17:00:00,medium
25491214,Tagwai,NGA,forestry-and-land-use,water-reservoirs,2016-01-01 00:00:00,2016-12-31 00:00:00,high,high,,high,medium,medium,,medium,medium,,medium,2023-11-01 00:00:00,2023-11-02 17:00:00,medium
25491214,Tagwai,NGA,forestry-and-land-use,water-reservoirs,2017-01-01 00:00:00,2017-12-31 00:00:00,high,high,,high,medium,medium,,medium,medium,,medium,2023-11-01 00:00:00,2023-11-02 17:00:00,medium
25491214,Tagwai,NGA,forestry-and-land-use,water-reservoirs,2018-01-01 00:00:00,2018-12-31 00:00:00,high,high,,high,medium,medium,,medium,medium,,medium,2023-11-01 00:00:00,2023-11-02 17:00:00,medium
25491214,Tagwai,NGA,forestry-and-land-use,water-reservoirs,2019-01-01 00:00:00,2019-12-31 00:00:00,high,high,,high,medium,medium,,medium,medium,,medium,2023-11-01 00:00:00,2023-11-02 17:00:00,medium
25491214,Tagwai,NGA,forestry-and-land-use,water-reservoirs,2020-01-01 00:00:00,2020-12-31 00:00:00,high,high,,high,medium,medium,,medium,medium,,medium,2023-11-01 00:00:00,2023-11-02 17:00:00,medium
25491214,Tagwai,NGA,forestry-and-land-use,water-reservoirs,2021-01-01 00:00:00,2021-12-31 00:00:00,high,high,,high,medium,medium,,medium,medium,,medium,2023-11-01 00:00:00,2023-11-02 17:00:00,medium
25491214,Tagwai,NGA,forestry-and-land-use,water-reservoirs,2022-01-01 00:00:00,2022-12-31 00:00:00,high,high,,high,medium,medium,,medium,medium,,medium,2023-11-01 00:00:00,2023-11-02 17:00:00,medium
25491201,Tiga,NGA,forestry-and-land-use,water-reservoirs,2015-01-01 00:00:00,2015-12-31 00:00:00,medium,medium,,medium,medium,medium,,medium,medium,,medium,2023-11-01 00:00:00,2023-11-02 17:00:00,medium
25491201,Tiga,NGA,forestry-and-land-use,water-reservoirs,2016-01-01 00:00:00,2016-12-31 00:00:00,medium,medium,,medium,medium,medium,,medium,medium,,medium,2023-11-01 00:00:00,2023-11-02 17:00:00,medium
25491201,Tiga,NGA,forestry-and-land-use,water-reservoirs,2017-01-01 00:00:00,2017-12-31 00:00:00,medium,medium,,medium,medium,medium,,medium,medium,,medium,2023-11-01 00:00:00,2023-11-02 17:00:00,medium
25491201,Tiga,NGA,forestry-and-land-use,water-reservoirs,2018-01-01 00:00:00,2018-12-31 00:00:00,medium,medium,,medium,medium,medium,,medium,medium,,medium,2023-11-01 00:00:00,2023-11-02 17:00:00,medium
25491201,Tiga,NGA,forestry-and-land-use,water-reservoirs,2019-01-01 00:00:00,2019-12-31 00:00:00,medium,medium,,medium,medium,medium,,medium,medium,,medium,2023-11-01 00:00:00,2023-11-02 17:00:00,medium
25491201,Tiga,NGA,forestry-and-land-use,water-reservoirs,2020-01-01 00:00:00,2020-12-31 00:00:00,medium,medium,,medium,medium,medium,,medium,medium,,medium,2023-11-01 00:00:00,2023-11-02 17:00:00,medium
25491201,Tiga,NGA,forestry-and-land-use,water-reservoirs,2021-01-01 00:00:00,2021-12-31 00:00:00,medium,medium,,medium,medium,medium,,medium,medium,,medium,2023-11-01 00:00:00,2023-11-02 17:00:00,medium
25491201,Tiga,NGA,forestry-and-land-use,water-reservoirs,2022-01-01 00:00:00,2022-12-31 00:00:00,medium,medium,,medium,medium,medium,,medium,medium,,medium,2023-11-01 00:00:00,2023-11-02 17:00:00,medium
25491187,Tomas,NGA,forestry-and-land-use,water-reservoirs,2015-01-01 00:00:00,2015-12-31 00:00:00,high,high,,high,medium,medium,,medium,medium,,medium,2023-11-01 00:00:00,2023-11-02 17:00:00,medium
25491187,Tomas,NGA,forestry-and-land-use,water-reservoirs,2016-01-01 00:00:00,2016-12-31 00:00:00,high,high,,high,medium,medium,,medium,medium,,medium,2023-11-01 00:00:00,2023-11-02 17:00:00,medium
25491187,Tomas,NGA,forestry-and-land-use,water-reservoirs,2017-01-01 00:00:00,2017-12-31 00:00:00,high,high,,high,medium,medium,,medium,medium,,medium,2023-11-01 00:00:00,2023-11-02 17:00:00,medium
25491187,Tomas,NGA,forestry-and-land-use,water-reservoirs,2018-01-01 00:00:00,2018-12-31 00:00:00,high,high,,high,medium,medium,,medium,medium,,medium,2023-11-01 00:00:00,2023-11-02 17:00:00,medium
25491187,Tomas,NGA,forestry-and-land-use,water-reservoirs,2019-01-01 00:00:00,2019-12-31 00:00:00,high,high,,high,medium,medium,,medium,medium,,medium,2023-11-01 00:00:00,2023-11-02 17:00:00,medium
25491187,Tomas,NGA,forestry-and-land-use,water-reservoirs,2020-01-01 00:00:00,2020-12-31 00:00:00,high,high,,high,medium,medium,,medium,medium,,medium,2023-11-01 00:00:00,2023-11-02 17:00:00,medium
25491187,Tomas,NGA,forestry-and-land-use,water-reservoirs,2021-01-01 00:00:00,2021-12-31 00:00:00,high,high,,high,medium,medium,,medium,medium,,medium,2023-11-01 00:00:00,2023-11-02 17:00:00,medium
25491187,Tomas,NGA,forestry-and-land-use,water-reservoirs,2022-01-01 00:00:00,2022-12-31 00:00:00,high,high,,high,medium,medium,,medium,medium,,medium,2023-11-01 00:00:00,2023-11-02 17:00:00,medium
25491202,Tudun Wada,NGA,forestry-and-land-use,water-reservoirs,2015-01-01 00:00:00,2015-12-31 00:00:00,high,high,,high,medium,medium,,medium,medium,,medium,2023-11-01 00:00:00,2023-11-02 17:00:00,medium
25491202,Tudun Wada,NGA,forestry-and-land-use,water-reservoirs,2016-01-01 00:00:00,2016-12-31 00:00:00,high,high,,high,medium,medium,,medium,medium,,medium,2023-11-01 00:00:00,2023-11-02 17:00:00,medium
25491202,Tudun Wada,NGA,forestry-and-land-use,water-reservoirs,2017-01-01 00:00:00,2017-12-31 00:00:00,high,high,,high,medium,medium,,medium,medium,,medium,2023-11-01 00:00:00,2023-11-02 17:00:00,medium
25491202,Tudun Wada,NGA,forestry-and-land-use,water-reservoirs,2018-01-01 00:00:00,2018-12-31 00:00:00,high,high,,high,medium,medium,,medium,medium,,medium,2023-11-01 00:00:00,2023-11-02 17:00:00,medium
25491202,Tudun Wada,NGA,forestry-and-land-use,water-reservoirs,2019-01-01 00:00:00,2019-12-31 00:00:00,high,high,,high,medium,medium,,medium,medium,,medium,2023-11-01 00:00:00,2023-11-02 17:00:00,medium
25491202,Tudun Wada,NGA,forestry-and-land-use,water-reservoirs,2020-01-01 00:00:00,2020-12-31 00:00:00,high,high,,high,medium,medium,,medium,medium,,medium,2023-11-01 00:00:00,2023-11-02 17:00:00,medium
25491202,Tudun Wada,NGA,forestry-and-land-use,water-reservoirs,2021-01-01 00:00:00,2021-12-31 00:00:00,high,high,,high,medium,medium,,medium,medium,,medium,2023-11-01 00:00:00,2023-11-02 17:00:00,medium
25491202,Tudun Wada,NGA,forestry-and-land-use,water-reservoirs,2022-01-01 00:00:00,2022-12-31 00:00:00,high,high,,high,medium,medium,,medium,medium,,medium,2023-11-01 00:00:00,2023-11-02 17:00:00,medium
25491188,Watari,NGA,forestry-and-land-use,water-reservoirs,2015-01-01 00:00:00,2015-12-31 00:00:00,high,high,,high,medium,medium,,medium,medium,,medium,2023-11-01 00:00:00,2023-11-02 17:00:00,medium
25491188,Watari,NGA,forestry-and-land-use,water-reservoirs,2016-01-01 00:00:00,2016-12-31 00:00:00,high,high,,high,medium,medium,,medium,medium,,medium,2023-11-01 00:00:00,2023-11-02 17:00:00,medium
25491188,Watari,NGA,forestry-and-land-use,water-reservoirs,2017-01-01 00:00:00,2017-12-31 00:00:00,high,high,,high,medium,medium,,medium,medium,,medium,2023-11-01 00:00:00,2023-11-02 17:00:00,medium
25491188,Watari,NGA,forestry-and-land-use,water-reservoirs,2018-01-01 00:00:00,2018-12-31 00:00:00,high,high,,high,medium,medium,,medium,medium,,medium,2023-11-01 00:00:00,2023-11-02 17:00:00,medium
25491188,Watari,NGA,forestry-and-land-use,water-reservoirs,2019-01-01 00:00:00,2019-12-31 00:00:00,high,high,,high,medium,medium,,medium,medium,,medium,2023-11-01 00:00:00,2023-11-02 17:00:00,medium
25491188,Watari,NGA,forestry-and-land-use,water-reservoirs,2020-01-01 00:00:00,2020-12-31 00:00:00,high,high,,high,medium,medium,,medium,medium,,medium,2023-11-01 00:00:00,2023-11-02 17:00:00,medium
25491188,Watari,NGA,forestry-and-land-use,water-reservoirs,2021-01-01 00:00:00,2021-12-31 00:00:00,high,high,,high,medium,medium,,medium,medium,,medium,2023-11-01 00:00:00,2023-11-02 17:00:00,medium
25491188,Watari,NGA,forestry-and-land-use,water-reservoirs,2022-01-01 00:00:00,2022-12-31 00:00:00,high,high,,high,medium,medium,,medium,medium,,medium,2023-11-01 00:00:00,2023-11-02 17:00:00,medium
25491215,Y. Gowon,NGA,forestry-and-land-use,water-reservoirs,2015-01-01 00:00:00,2015-12-31 00:00:00,medium,medium,,medium,medium,medium,,medium,medium,,medium,2023-11-01 00:00:00,2023-11-02 17:00:00,medium
25491215,Y. Gowon,NGA,forestry-and-land-use,water-reservoirs,2016-01-01 00:00:00,2016-12-31 00:00:00,medium,medium,,medium,medium,medium,,medium,medium,,medium,2023-11-01 00:00:00,2023-11-02 17:00:00,medium
25491215,Y. Gowon,NGA,forestry-and-land-use,water-reservoirs,2017-01-01 00:00:00,2017-12-31 00:00:00,medium,medium,,medium,medium,medium,,medium,medium,,medium,2023-11-01 00:00:00,2023-11-02 17:00:00,medium
25491215,Y. Gowon,NGA,forestry-and-land-use,water-reservoirs,2018-01-01 00:00:00,2018-12-31 00:00:00,medium,medium,,medium,medium,medium,,medium,medium,,medium,2023-11-01 00:00:00,2023-11-02 17:00:00,medium
25491215,Y. Gowon,NGA,forestry-and-land-use,water-reservoirs,2019-01-01 00:00:00,2019-12-31 00:00:00,medium,medium,,medium,medium,medium,,medium,medium,,medium,2023-11-01 00:00:00,2023-11-02 17:00:00,medium
25491215,Y. Gowon,NGA,forestry-and-land-use,water-reservoirs,2020-01-01 00:00:00,2020-12-31 00:00:00,medium,medium,,medium,medium,medium,,medium,medium,,medium,2023-11-01 00:00:00,2023-11-02 17:00:00,medium
25491215,Y. Gowon,NGA,forestry-and-land-use,water-reservoirs,2021-01-01 00:00:00,2021-12-31 00:00:00,medium,medium,,medium,medium,medium,,medium,medium,,medium,2023-11-01 00:00:00,2023-11-02 17:00:00,medium
25491215,Y. Gowon,NGA,forestry-and-land-use,water-reservoirs,2022-01-01 00:00:00,2022-12-31 00:00:00,medium,medium,,medium,medium,medium,,medium,medium,,medium,2023-11-01 00:00:00,2023-11-02 17:00:00,medium
25491203,Zaria,NGA,forestry-and-land-use,water-reservoirs,2015-01-01 00:00:00,2015-12-31 00:00:00,high,high,,high,medium,medium,,medium,medium,,medium,2023-11-01 00:00:00,2023-11-02 17:00:00,medium
25491203,Zaria,NGA,forestry-and-land-use,water-reservoirs,2016-01-01 00:00:00,2016-12-31 00:00:00,high,high,,high,medium,medium,,medium,medium,,medium,2023-11-01 00:00:00,2023-11-02 17:00:00,medium
25491203,Zaria,NGA,forestry-and-land-use,water-reservoirs,2017-01-01 00:00:00,2017-12-31 00:00:00,high,high,,high,medium,medium,,medium,medium,,medium,2023-11-01 00:00:00,2023-11-02 17:00:00,medium
25491203,Zaria,NGA,forestry-and-land-use,water-reservoirs,2018-01-01 00:00:00,2018-12-31 00:00:00,high,high,,high,medium,medium,,medium,medium,,medium,2023-11-01 00:00:00,2023-11-02 17:00:00,medium
25491203,Zaria,NGA,forestry-and-land-use,water-reservoirs,2019-01-01 00:00:00,2019-12-31 00:00:00,high,high,,high,medium,medium,,medium,medium,,medium,2023-11-01 00:00:00,2023-11-02 17:00:00,medium
25491203,Zaria,NGA,forestry-and-land-use,water-reservoirs,2020-01-01 00:00:00,2020-12-31 00:00:00,high,high,,high,medium,medium,,medium,medium,,medium,2023-11-01 00:00:00,2023-11-02 17:00:00,medium
25491203,Zaria,NGA,forestry-and-land-use,water-reservoirs,2021-01-01 00:00:00,2021-12-31 00:00:00,high,high,,high,medium,medium,,medium,medium,,medium,2023-11-01 00:00:00,2023-11-02 17:00:00,medium
25491203,Zaria,NGA,forestry-and-land-use,water-reservoirs,2022-01-01 00:00:00,2022-12-31 00:00:00,high,high,,high,medium,medium,,medium,medium,,medium,2023-11-01 00:00:00,2023-11-02 17:00:00,medium
25491185,Zobe,NGA,forestry-and-land-use,water-reservoirs,2015-01-01 00:00:00,2015-12-31 00:00:00,high,high,,high,medium,medium,,medium,medium,,medium,2023-11-01 00:00:00,2023-11-02 17:00:00,medium
25491185,Zobe,NGA,forestry-and-land-use,water-reservoirs,2016-01-01 00:00:00,2016-12-31 00:00:00,high,high,,high,medium,medium,,medium,medium,,medium,2023-11-01 00:00:00,2023-11-02 17:00:00,medium
25491185,Zobe,NGA,forestry-and-land-use,water-reservoirs,2017-01-01 00:00:00,2017-12-31 00:00:00,high,high,,high,medium,medium,,medium,medium,,medium,2023-11-01 00:00:00,2023-11-02 17:00:00,medium
25491185,Zobe,NGA,forestry-and-land-use,water-reservoirs,2018-01-01 00:00:00,2018-12-31 00:00:00,high,high,,high,medium,medium,,medium,medium,,medium,2023-11-01 00:00:00,2023-11-02 17:00:00,medium
25491185,Zobe,NGA,forestry-and-land-use,water-reservoirs,2019-01-01 00:00:00,2019-12-31 00:00:00,high,high,,high,medium,medium,,medium,medium,,medium,2023-11-01 00:00:00,2023-11-02 17:00:00,medium
25491185,Zobe,NGA,forestry-and-land-use,water-reservoirs,2020-01-01 00:00:00,2020-12-31 00:00:00,high,high,,high,medium,medium,,medium,medium,,medium,2023-11-01 00:00:00,2023-11-02 17:00:00,medium
25491185,Zobe,NGA,forestry-and-land-use,water-reservoirs,2021-01-01 00:00:00,2021-12-31 00:00:00,high,high,,high,medium,medium,,medium,medium,,medium,2023-11-01 00:00:00,2023-11-02 17:00:00,medium
25491185,Zobe,NGA,forestry-and-land-use,water-reservoirs,2022-01-01 00:00:00,2022-12-31 00:00:00,high,high,,high,medium,medium,,medium,medium,,medium,2023-11-01 00:00:00,2023-11-02 17:00:00,medium
